24.0,2.0,0.0,10.0,38.0,234.0,5.0,5.0,22.0,0.7478260870000001,366.0,0.8,0.0,0.333333333,0.226190476,1.0,4.0,14.04166667,7.0,1.8333,1.0
10.0,2.0,0.0,6.0,19.0,39.0,2.0,4.0,8.0,0.9722222220000001,93.0,0.25,0.0,0.578947368,0.32,1.0,4.0,7.9,2.0,0.9,1.0
14.0,2.0,0.0,5.0,23.0,73.0,2.0,3.0,12.0,0.788461538,122.0,0.75,0.0,0.47826087,0.314285714,1.0,4.0,7.428571429,1.0,0.8571,1.0
13.0,2.0,0.0,18.0,42.0,0.0,12.0,6.0,11.0,0.666666667,235.0,0.5,0.0,0.5,0.269230769,1.0,4.0,16.92307692,3.0,1.3846,1.0
11.0,2.0,0.0,6.0,20.0,35.0,2.0,4.0,9.0,0.8,112.0,0.5,0.0,0.55,0.257575758,1.0,4.0,9.0,2.0,1.0909,1.0
25.0,2.0,0.0,8.0,44.0,140.0,1.0,7.0,23.0,0.8009259259999999,437.0,0.8888888890000001,2.0,0.323529412,0.253333333,1.0,4.0,16.12,2.0,0.96,1.0
95.0,2.0,0.0,11.0,115.0,3119.0,5.0,6.0,92.0,0.980994502,1371.0,0.483146067,34.0,0.106796117,0.25177305,1.0,4.0,12.49473684,3.0,1.0,1.0
9.0,1.0,0.0,5.0,29.0,0.0,1.0,4.0,9.0,0.125,139.0,0.0,0.0,0.0,0.25925925899999996,0.0,0.0,14.33333333,2.0,1.1111,-1.0
19.0,2.0,0.0,8.0,35.0,77.0,1.0,7.0,17.0,0.759259259,304.0,0.833333333,1.0,0.39285714299999996,0.254385965,1.0,4.0,14.68421053,2.0,0.9474,1.0
9.0,2.0,0.0,5.0,16.0,36.0,1.0,4.0,7.0,1.125,71.0,0.0,0.0,0.611111111,0.311111111,1.0,4.0,6.777777778,2.0,0.8889,1.0
30.0,2.0,0.0,9.0,43.0,141.0,3.0,6.0,27.0,0.859195402,372.0,0.916666667,9.0,0.289473684,0.216748768,1.0,4.0,11.0,2.0,0.9333,1.0
23.0,2.0,0.0,7.0,39.0,0.0,0.0,7.0,21.0,0.7386363640000001,332.0,0.875,6.0,0.34375,0.253623188,1.0,4.0,13.08695652,2.0,0.9565,1.0
10.0,2.0,0.0,6.0,19.0,39.0,2.0,4.0,8.0,0.833333333,91.0,0.5,0.0,0.578947368,0.32,1.0,4.0,7.9,2.0,0.9,1.0
10.0,2.0,0.0,6.0,19.0,39.0,2.0,4.0,8.0,0.9259259259999999,92.0,0.333333333,0.0,0.578947368,0.32,1.0,4.0,7.9,2.0,0.9,1.0
19.0,2.0,0.0,6.0,30.0,95.0,1.0,5.0,17.0,0.7777777779999999,318.0,0.833333333,0.0,0.39285714299999996,0.30526315800000003,1.0,4.0,15.42105263,2.0,0.9474,1.0
22.0,2.0,4.0,15.0,54.0,69.0,6.0,9.0,17.0,0.6984126979999999,434.0,1.0,0.0,0.36666666700000006,0.23809523800000001,1.0,4.0,18.59090909,4.0,1.3636,1.0
21.0,2.0,0.0,6.0,32.0,120.0,1.0,5.0,19.0,0.955263158,379.0,0.31578947399999996,0.0,0.36666666700000006,0.304761905,1.0,4.0,16.14285714,2.0,0.9524,1.0
4.0,3.0,0.0,3.0,7.0,6.0,1.0,2.0,4.0,1.333333333,18.0,0.0,0.0,0.96,0.5,1.0,3.0,3.25,1.0,0.25,1.0
11.0,2.0,0.0,6.0,22.0,35.0,1.0,5.0,9.0,1.0,126.0,0.166666667,0.0,0.55,0.30909090899999997,1.0,4.0,9.909090909,2.0,0.9091,1.0
39.0,2.0,0.0,8.0,58.0,91.0,1.0,7.0,37.0,0.8486842109999999,652.0,0.9375,9.0,0.229166667,0.21611721600000003,1.0,4.0,15.30769231,2.0,0.9744,1.0
11.0,2.0,0.0,6.0,20.0,43.0,2.0,4.0,9.0,0.98,105.0,0.2,0.0,0.55,0.30909090899999997,1.0,4.0,8.090909091,2.0,0.9091,1.0
25.0,2.0,0.0,8.0,44.0,108.0,1.0,7.0,23.0,0.939393939,436.0,0.363636364,3.0,0.323529412,0.253333333,1.0,4.0,15.56,2.0,0.96,1.0
24.0,2.0,0.0,11.0,39.0,234.0,6.0,5.0,22.0,0.7478260870000001,365.0,0.8,0.0,0.333333333,0.197916667,1.0,4.0,14.0,7.0,1.8333,1.0
15.0,2.0,0.0,8.0,32.0,79.0,4.0,4.0,13.0,0.857142857,242.0,0.5,0.0,0.45833333299999995,0.306666667,1.0,4.0,14.86666667,3.0,1.2667,1.0
19.0,2.0,0.0,8.0,35.0,0.0,1.0,7.0,17.0,0.703703704,262.0,0.833333333,4.0,0.39285714299999996,0.254385965,1.0,4.0,12.47368421,2.0,0.9474,1.0
10.0,2.0,0.0,6.0,19.0,33.0,2.0,4.0,8.0,0.833333333,102.0,0.5,0.0,0.578947368,0.26666666699999997,1.0,4.0,9.0,2.0,1.1,1.0
11.0,2.0,0.0,6.0,22.0,35.0,1.0,5.0,9.0,0.8,122.0,0.5,0.0,0.55,0.30909090899999997,1.0,4.0,9.909090909,2.0,0.9091,1.0
11.0,2.0,0.0,6.0,22.0,35.0,1.0,5.0,9.0,0.8,122.0,0.5,0.0,0.55,0.30909090899999997,1.0,4.0,9.909090909,2.0,0.9091,1.0
17.0,2.0,0.0,6.0,26.0,94.0,2.0,4.0,15.0,0.7625,207.0,0.8,0.0,0.423076923,0.305882353,1.0,4.0,10.88235294,2.0,0.9412,1.0
15.0,2.0,0.0,10.0,32.0,53.0,5.0,5.0,12.0,0.7142857140000001,209.0,0.75,0.0,0.45833333299999995,0.20952381,1.0,4.0,12.66666667,2.0,1.2667,1.0
16.0,2.0,0.0,9.0,39.0,62.0,4.0,5.0,14.0,0.8533333329999999,285.0,0.4,0.0,0.44,0.223214286,1.0,4.0,16.5,3.0,1.3125,1.0
8.0,2.0,0.0,5.0,15.0,28.0,1.0,4.0,6.0,1.142857143,60.0,0.0,0.0,0.647058824,0.325,1.0,4.0,6.375,2.0,0.875,1.0
11.0,2.0,0.0,9.0,30.0,17.0,4.0,5.0,8.0,0.84,1209.0,0.4,0.0,0.55,0.287878788,1.0,4.0,108.45454550000001,4.0,1.7273,1.0
12.0,3.0,0.0,13.0,70.0,0.0,6.0,7.0,7.0,0.090909091,613.0,0.0,1.0,0.8214285709999999,0.316666667,3.0,5.0,50.0,7.0,2.0833,1.0
19.0,2.0,0.0,19.0,89.0,155.0,2.0,17.0,16.0,0.854166667,531.0,0.875,0.0,0.39285714299999996,0.236842105,1.0,4.0,26.52631579,10.0,1.7368,1.0
9.0,3.0,0.0,11.0,16.0,36.0,8.0,4.0,7.0,1.125,70.0,0.0,0.0,0.6315789470000001,0.311111111,1.0,4.0,6.666666667,2.0,0.8889,1.0
61.0,2.0,0.0,8.0,84.0,610.0,1.0,7.0,59.0,0.9576923079999999,1176.0,0.5,14.0,0.157142857,0.215456674,1.0,4.0,17.42622951,2.0,0.9836,1.0
19.0,2.0,0.0,7.0,33.0,119.0,3.0,5.0,17.0,0.80952381,303.0,0.857142857,0.0,0.39285714299999996,0.254385965,1.0,4.0,14.57894737,2.0,1.0,1.0
11.0,2.0,0.0,6.0,20.0,35.0,2.0,4.0,9.0,0.8,113.0,0.5,0.0,0.55,0.257575758,1.0,4.0,9.090909091,2.0,1.0909,1.0
4.0,3.0,0.0,3.0,6.0,6.0,1.0,2.0,3.0,1.333333333,16.0,0.0,0.0,0.923076923,0.625,1.0,2.0,2.75,1.0,0.5,-1.0
11.0,2.0,0.0,6.0,20.0,43.0,2.0,4.0,9.0,0.8,102.0,0.5,0.0,0.55,0.30909090899999997,1.0,4.0,8.090909091,2.0,0.9091,1.0
10.0,1.0,0.0,14.0,10.0,45.0,14.0,0.0,10.0,2.0,10.0,0.0,0.0,0.0,0.4,0.0,0.0,0.0,1.0,1.0,-1.0
10.0,2.0,0.0,6.0,19.0,33.0,2.0,4.0,8.0,0.833333333,91.0,0.5,0.0,0.578947368,0.32,1.0,4.0,7.9,2.0,0.9,1.0
37.0,2.0,1.0,8.0,58.0,246.0,1.0,7.0,35.0,0.9290123459999999,687.0,0.518518519,6.0,0.239130435,0.252252252,1.0,4.0,16.83783784,2.0,0.973,1.0
22.0,2.0,0.0,6.0,36.0,197.0,2.0,4.0,20.0,0.843537415,310.0,0.857142857,0.0,0.35483871,0.25,1.0,3.0,12.77272727,6.0,1.6364,1.0
22.0,2.0,0.0,10.0,34.0,199.0,5.0,5.0,20.0,0.7142857140000001,331.0,0.75,0.0,0.35483871,0.22727272699999998,1.0,4.0,13.86363636,7.0,1.9091,1.0
23.0,2.0,0.0,12.0,60.0,65.0,2.0,10.0,17.0,0.912587413,386.0,0.384615385,3.0,0.35483871,0.22077922100000003,2.0,5.0,15.2173913,6.0,1.3913,1.0
13.0,2.0,0.0,6.0,24.0,64.0,3.0,3.0,10.0,0.85,172.0,0.8,0.0,0.5,0.307692308,1.0,3.0,11.84615385,2.0,1.0769,1.0
47.0,2.0,0.0,9.0,63.0,167.0,3.0,6.0,45.0,0.87173913,741.0,0.95,12.0,0.19642857100000002,0.25177305,1.0,4.0,14.34042553,3.0,1.0213,1.0
16.0,2.0,2.0,8.0,43.0,96.0,4.0,5.0,14.0,0.7555555559999999,457.0,0.5,0.0,0.45833333299999995,0.325,1.0,4.0,27.1875,5.0,1.6875,1.0
15.0,2.0,0.0,8.0,31.0,55.0,3.0,5.0,13.0,0.7571428570000001,240.0,0.8,0.0,0.45833333299999995,0.2,1.0,4.0,14.66666667,4.0,1.3333,1.0
6.0,1.0,0.0,7.0,16.0,1.0,1.0,6.0,4.0,0.833333333,145.0,0.333333333,2.0,0.0,0.5,0.0,0.0,22.16666667,6.0,1.6667,-1.0
19.0,2.0,0.0,6.0,33.0,95.0,1.0,5.0,17.0,0.87037037,321.0,0.5555555560000001,0.0,0.39285714299999996,0.30526315800000003,1.0,4.0,15.42105263,2.0,0.9474,1.0
37.0,2.0,0.0,8.0,60.0,350.0,1.0,7.0,35.0,0.867647059,739.0,0.9411764709999999,4.0,0.239130435,0.21621621600000002,1.0,4.0,18.51351351,2.0,0.973,1.0
21.0,2.0,0.0,9.0,45.0,92.0,1.0,8.0,19.0,0.92,370.0,0.4,2.0,0.36666666700000006,0.19047619,1.0,4.0,15.9047619,2.0,0.9524,1.0
60.0,2.0,0.0,15.0,98.0,1374.0,5.0,11.0,55.0,0.957181088,1116.0,0.473684211,0.0,0.161764706,0.16296296300000002,1.0,4.0,16.96666667,7.0,1.4833,1.0
12.0,2.0,0.0,5.0,26.0,42.0,1.0,4.0,10.0,0.787878788,182.0,0.333333333,0.0,0.523809524,0.226190476,1.0,4.0,13.91666667,2.0,1.1667,1.0
11.0,2.0,0.0,5.0,22.0,35.0,0.0,5.0,9.0,0.8,122.0,0.5,0.0,0.55,0.30909090899999997,1.0,4.0,9.909090909,2.0,0.9091,1.0
3.0,4.0,0.0,147.0,6.0,3.0,147.0,0.0,3.0,2.0,16.0,0.0,0.0,1.0,0.7777777779999999,0.0,0.0,4.333333333,0.0,0.0,-1.0
17.0,2.0,0.0,6.0,28.0,90.0,2.0,4.0,15.0,0.78125,232.0,0.833333333,0.0,0.423076923,0.305882353,1.0,4.0,12.29411765,2.0,0.9412,1.0
11.0,2.0,0.0,6.0,20.0,43.0,2.0,4.0,9.0,0.8,102.0,0.5,0.0,0.55,0.30909090899999997,1.0,4.0,8.090909091,2.0,0.9091,1.0
20.0,3.0,0.0,36.0,129.0,124.0,3.0,34.0,10.0,1.045397855,1234.0,0.023696682,2.0,0.558139535,0.161538462,2.0,7.0,50.15,11.0,2.55,1.0
9.0,2.0,0.0,7.0,16.0,36.0,3.0,4.0,7.0,1.125,67.0,0.0,0.0,0.611111111,0.311111111,1.0,4.0,6.333333333,2.0,0.8889,1.0
21.0,2.0,0.0,8.0,33.0,148.0,4.0,4.0,19.0,0.944117647,286.0,0.352941176,0.0,0.36666666700000006,0.304761905,1.0,4.0,11.80952381,2.0,0.9524,1.0
11.0,2.0,0.0,7.0,21.0,35.0,2.0,5.0,9.0,0.8,107.0,0.5,0.0,0.55,0.257575758,1.0,4.0,8.545454545,2.0,0.9091,-1.0
10.0,2.0,0.0,6.0,19.0,33.0,2.0,4.0,8.0,0.833333333,101.0,0.5,0.0,0.578947368,0.26666666699999997,1.0,4.0,8.9,2.0,1.1,1.0
8.0,2.0,0.0,6.0,15.0,28.0,2.0,4.0,6.0,1.142857143,60.0,0.0,0.0,0.647058824,0.325,1.0,4.0,6.375,2.0,0.875,1.0
3.0,2.0,4.0,9.0,11.0,3.0,6.0,7.0,3.0,2.0,46.0,0.0,0.0,0.916666667,0.666666667,0.0,0.0,14.33333333,6.0,2.0,1.0
26.0,2.0,1.0,214.0,54.0,111.0,212.0,3.0,25.0,0.552,595.0,0.8,0.0,0.264705882,0.288461538,1.0,1.0,21.5,7.0,1.6923,1.0
10.0,2.0,0.0,6.0,19.0,39.0,2.0,4.0,8.0,0.9259259259999999,92.0,0.333333333,0.0,0.578947368,0.32,1.0,4.0,7.9,2.0,0.9,1.0
10.0,2.0,0.0,6.0,19.0,39.0,2.0,4.0,8.0,1.0,94.0,0.2,0.0,0.578947368,0.32,1.0,4.0,7.9,2.0,0.9,1.0
10.0,2.0,0.0,6.0,19.0,33.0,2.0,4.0,8.0,0.833333333,102.0,0.0,0.0,0.578947368,0.26666666699999997,1.0,4.0,9.0,2.0,1.1,1.0
17.0,2.0,0.0,8.0,33.0,32.0,1.0,7.0,15.0,0.8125,243.0,0.571428571,2.0,0.423076923,0.254901961,1.0,4.0,12.88235294,2.0,0.9412,1.0
14.0,2.0,0.0,9.0,30.0,55.0,4.0,5.0,12.0,0.7538461540000001,258.0,0.8,0.0,0.47826087,0.214285714,1.0,4.0,17.07142857,5.0,1.6429,1.0
9.0,2.0,0.0,5.0,19.0,24.0,1.0,4.0,7.0,0.875,97.0,0.5,0.0,0.611111111,0.311111111,1.0,4.0,9.555555556,2.0,0.8889,1.0
7.0,1.0,0.0,20.0,59.0,9.0,4.0,16.0,5.0,0.7222222220000001,754.0,1.0,0.0,0.0,0.166666667,0.0,0.0,106.2857143,8.0,2.0,1.0
11.0,2.0,0.0,5.0,22.0,35.0,0.0,5.0,9.0,0.8,122.0,0.5,0.0,0.55,0.30909090899999997,1.0,4.0,9.909090909,2.0,0.9091,1.0
11.0,2.0,0.0,6.0,21.0,43.0,2.0,4.0,9.0,0.9,102.0,0.333333333,0.0,0.55,0.257575758,1.0,4.0,8.0,2.0,0.9091,1.0
11.0,2.0,0.0,6.0,20.0,43.0,2.0,4.0,9.0,0.95,104.0,0.25,0.0,0.55,0.30909090899999997,1.0,4.0,8.090909091,2.0,0.9091,1.0
37.0,2.0,0.0,11.0,55.0,474.0,4.0,7.0,34.0,0.936342593,549.0,0.625,4.0,0.24444444399999998,0.190972222,1.0,4.0,13.18918919,3.0,1.0270000000000001,1.0
11.0,2.0,0.0,8.0,20.0,35.0,4.0,4.0,9.0,0.8,112.0,0.5,0.0,0.55,0.257575758,1.0,4.0,9.0,2.0,1.0909,1.0
17.0,2.0,0.0,7.0,32.0,64.0,1.0,6.0,15.0,0.75,270.0,0.8,0.0,0.423076923,0.218487395,1.0,4.0,14.58823529,2.0,0.9412,1.0
11.0,2.0,0.0,6.0,20.0,35.0,2.0,4.0,9.0,0.8,112.0,0.5,0.0,0.55,0.257575758,1.0,4.0,9.0,2.0,1.0909,1.0
11.0,2.0,0.0,7.0,20.0,35.0,3.0,4.0,9.0,0.8,113.0,0.5,0.0,0.55,0.257575758,1.0,4.0,9.090909091,2.0,1.0909,1.0
2.0,1.0,0.0,3.0,5.0,0.0,1.0,2.0,2.0,0.0,88.0,0.0,0.0,0.0,0.75,0.0,0.0,42.0,1.0,0.5,-1.0
10.0,2.0,0.0,6.0,19.0,33.0,2.0,4.0,8.0,0.833333333,101.0,0.5,0.0,0.578947368,0.26666666699999997,1.0,4.0,8.9,2.0,1.1,1.0
9.0,3.0,0.0,6.0,23.0,0.0,2.0,5.0,7.0,0.6875,150.0,0.5,0.0,0.6315789470000001,0.311111111,1.0,4.0,15.44444444,2.0,1.0,1.0
10.0,2.0,0.0,7.0,19.0,39.0,3.0,4.0,8.0,0.833333333,91.0,0.5,0.0,0.578947368,0.32,1.0,4.0,7.9,2.0,0.9,1.0
11.0,2.0,0.0,7.0,21.0,35.0,2.0,5.0,9.0,0.8,107.0,0.5,0.0,0.55,0.257575758,1.0,4.0,8.545454545,2.0,0.9091,1.0
18.0,2.0,0.0,7.0,40.0,103.0,2.0,5.0,16.0,0.848739496,301.0,0.0,1.0,0.40740740700000005,0.311111111,1.0,4.0,15.33333333,2.0,1.2222,1.0
12.0,2.0,0.0,4.0,22.0,52.0,1.0,3.0,10.0,0.872727273,124.0,0.6,0.0,0.523809524,0.316666667,1.0,4.0,8.916666667000001,1.0,0.8333,-1.0
37.0,2.0,0.0,11.0,53.0,394.0,5.0,6.0,34.0,0.8833333329999999,543.0,0.8666666670000001,5.0,0.24444444399999998,0.21825396800000002,1.0,4.0,13.27027027,4.0,1.1351,1.0
14.0,2.0,0.0,9.0,30.0,55.0,4.0,5.0,12.0,0.7538461540000001,259.0,0.8,0.0,0.47826087,0.214285714,1.0,4.0,17.14285714,5.0,1.6429,1.0
2.0,1.0,0.0,5.0,2.0,1.0,5.0,0.0,2.0,2.0,2.0,0.0,0.0,0.0,0.75,0.0,0.0,0.0,1.0,1.0,-1.0
29.0,2.0,0.0,7.0,49.0,298.0,2.0,5.0,27.0,0.767857143,476.0,0.833333333,0.0,0.289473684,0.172413793,1.0,4.0,15.20689655,8.0,2.1379,1.0
23.0,2.0,0.0,8.0,41.0,0.0,1.0,7.0,21.0,0.830578512,349.0,0.636363636,5.0,0.34375,0.21739130399999998,1.0,4.0,13.69565217,2.0,0.9565,1.0
10.0,2.0,0.0,6.0,19.0,39.0,2.0,4.0,8.0,0.833333333,91.0,0.5,0.0,0.578947368,0.32,1.0,4.0,7.9,2.0,0.9,1.0
10.0,2.0,0.0,6.0,24.0,33.0,2.0,4.0,8.0,0.7777777779999999,166.0,0.0,0.0,0.578947368,0.26666666699999997,1.0,4.0,15.4,2.0,1.2,1.0
8.0,2.0,0.0,5.0,15.0,28.0,1.0,4.0,6.0,1.142857143,60.0,0.0,0.0,0.647058824,0.325,1.0,4.0,6.375,2.0,0.875,1.0
11.0,2.0,0.0,6.0,22.0,35.0,1.0,5.0,9.0,0.8,122.0,0.5,0.0,0.55,0.30909090899999997,1.0,4.0,9.909090909,2.0,0.9091,1.0
14.0,2.0,0.0,8.0,32.0,73.0,3.0,5.0,11.0,0.8615384620000001,192.0,0.8,0.0,0.47826087,0.314285714,1.0,3.0,12.35714286,2.0,1.0714,1.0
11.0,2.0,0.0,6.0,20.0,35.0,2.0,4.0,9.0,0.8,113.0,0.0,0.0,0.55,0.257575758,1.0,4.0,9.090909091,2.0,1.0909,1.0
19.0,2.0,0.0,6.0,33.0,95.0,1.0,5.0,17.0,0.8472222220000001,320.0,0.625,0.0,0.39285714299999996,0.30526315800000003,1.0,4.0,15.42105263,2.0,0.9474,1.0
26.0,2.0,0.0,9.0,41.0,179.0,3.0,6.0,23.0,0.836,339.0,0.9,3.0,0.323529412,0.253333333,1.0,4.0,11.65384615,2.0,0.9231,1.0
19.0,2.0,0.0,7.0,40.0,123.0,2.0,5.0,17.0,0.7777777779999999,320.0,0.833333333,0.0,0.39285714299999996,0.218045113,1.0,4.0,15.52631579,11.0,1.6316,1.0
10.0,2.0,0.0,6.0,19.0,39.0,2.0,4.0,8.0,0.9259259259999999,91.0,0.333333333,0.0,0.578947368,0.32,1.0,4.0,7.8,2.0,0.9,1.0
37.0,2.0,0.0,16.0,79.0,436.0,7.0,9.0,34.0,0.857142857,810.0,0.9285714290000001,3.0,0.239130435,0.137592138,1.0,4.0,20.51351351,7.0,1.8649,1.0
8.0,2.0,0.0,5.0,15.0,28.0,1.0,4.0,6.0,1.142857143,60.0,0.0,0.0,0.647058824,0.325,1.0,4.0,6.375,2.0,0.875,1.0
4.0,3.0,0.0,3.0,6.0,6.0,1.0,2.0,3.0,1.333333333,16.0,0.0,0.0,0.923076923,0.625,1.0,2.0,2.75,1.0,0.5,-1.0
11.0,2.0,0.0,6.0,20.0,43.0,2.0,4.0,9.0,0.8,102.0,0.5,0.0,0.55,0.30909090899999997,1.0,4.0,8.090909091,2.0,0.9091,1.0
17.0,2.0,0.0,8.0,33.0,0.0,1.0,7.0,15.0,0.6875,227.0,0.8,3.0,0.423076923,0.254901961,1.0,4.0,12.05882353,2.0,0.9412,1.0
11.0,2.0,0.0,5.0,22.0,25.0,1.0,4.0,9.0,0.75,124.0,0.5,0.0,0.55,0.257575758,1.0,4.0,10.09090909,2.0,0.9091,1.0
11.0,2.0,0.0,10.0,24.0,0.0,6.0,4.0,8.0,0.35,174.0,1.0,0.0,0.578947368,0.363636364,1.0,5.0,14.63636364,3.0,1.0,1.0
13.0,2.0,0.0,6.0,22.0,56.0,2.0,4.0,11.0,0.75,137.0,0.666666667,0.0,0.5,0.307692308,1.0,4.0,9.307692308,2.0,0.9231,1.0
10.0,2.0,0.0,7.0,16.0,15.0,3.0,4.0,8.0,0.7777777779999999,125.0,0.5,0.0,0.578947368,0.34,1.0,3.0,11.3,3.0,1.2,1.0
37.0,2.0,0.0,9.0,50.0,442.0,3.0,6.0,34.0,0.895833333,485.0,0.9375,6.0,0.24444444399999998,0.25462963,1.0,4.0,11.67567568,2.0,0.9459,1.0
11.0,2.0,0.0,6.0,22.0,35.0,1.0,5.0,9.0,0.8,122.0,0.5,0.0,0.55,0.30909090899999997,1.0,4.0,9.909090909,2.0,0.9091,1.0
11.0,2.0,0.0,6.0,22.0,35.0,1.0,5.0,9.0,0.98,125.0,0.2,0.0,0.55,0.30909090899999997,1.0,4.0,9.909090909,2.0,0.9091,1.0
11.0,2.0,0.0,7.0,21.0,35.0,2.0,5.0,9.0,0.8,107.0,0.5,0.0,0.55,0.257575758,1.0,4.0,8.545454545,2.0,0.9091,1.0
48.0,2.0,0.0,10.0,64.0,616.0,4.0,6.0,45.0,0.9,667.0,0.95,8.0,0.19642857100000002,0.21580547100000003,1.0,4.0,12.47916667,2.0,0.9583,1.0
13.0,2.0,0.0,6.0,25.0,44.0,1.0,5.0,11.0,0.75,171.0,0.666666667,0.0,0.5,0.307692308,1.0,4.0,11.92307692,2.0,0.9231,1.0
13.0,2.0,0.0,8.0,24.0,44.0,3.0,5.0,11.0,0.75,171.0,0.666666667,0.0,0.5,0.307692308,1.0,4.0,11.92307692,2.0,0.9231,1.0
19.0,2.0,0.0,7.0,30.0,95.0,2.0,5.0,17.0,0.8888888890000001,322.0,0.5,0.0,0.39285714299999996,0.30526315800000003,1.0,4.0,15.42105263,2.0,0.9474,1.0
18.0,2.0,0.0,9.0,36.0,51.0,5.0,4.0,16.0,0.852941176,300.0,0.625,0.0,0.40740740700000005,0.25925925899999996,1.0,4.0,15.22222222,2.0,0.9444,1.0
12.0,2.0,0.0,6.0,21.0,54.0,2.0,4.0,10.0,0.787878788,122.0,0.666666667,0.0,0.523809524,0.316666667,1.0,4.0,8.916666667000001,2.0,0.9167,1.0
23.0,2.0,0.0,9.0,48.0,221.0,3.0,6.0,21.0,0.9040404040000001,378.0,0.444444444,0.0,0.34375,0.211180124,1.0,3.0,15.04347826,6.0,1.5217,1.0
4.0,1.0,0.0,2.0,4.0,6.0,1.0,1.0,4.0,2.0,4.0,0.0,0.0,0.0,0.4,0.0,0.0,0.0,1.0,1.0,1.0
10.0,2.0,0.0,6.0,19.0,39.0,2.0,4.0,8.0,0.833333333,91.0,0.5,0.0,0.578947368,0.32,1.0,4.0,7.9,2.0,0.9,1.0
29.0,3.0,0.0,15.0,48.0,146.0,9.0,7.0,27.0,0.977891156,538.0,0.23809523800000001,4.0,0.307692308,0.252873563,1.0,4.0,16.10344828,2.0,0.9655,1.0
11.0,2.0,0.0,7.0,21.0,25.0,3.0,4.0,9.0,0.8,121.0,0.5,0.0,0.55,0.30909090899999997,1.0,3.0,9.818181818,2.0,0.9091,1.0
1.0,1.0,0.0,0.0,2.0,0.0,0.0,0.0,0.0,2.0,4.0,0.0,0.0,0.0,1.0,0.0,0.0,3.0,0.0,0.0,-1.0
12.0,2.0,0.0,6.0,21.0,54.0,2.0,4.0,10.0,0.787878788,122.0,0.666666667,0.0,0.523809524,0.26388888899999996,1.0,4.0,8.916666667000001,2.0,0.9167,1.0
2.0,1.0,0.0,4.0,7.0,0.0,1.0,3.0,2.0,0.0,46.0,1.0,1.0,0.0,0.75,0.0,0.0,21.5,2.0,1.0,-1.0
8.0,3.0,0.0,6.0,23.0,8.0,2.0,5.0,6.0,0.7857142859999999,125.0,0.5,0.0,0.666666667,0.325,1.0,4.0,14.375,2.0,0.875,1.0
17.0,2.0,0.0,6.0,29.0,74.0,1.0,5.0,15.0,0.7625,269.0,0.8,0.0,0.423076923,0.305882353,1.0,4.0,14.52941176,2.0,0.9412,1.0
23.0,2.0,0.0,8.0,39.0,35.0,1.0,7.0,21.0,0.7613636359999999,360.0,0.875,4.0,0.34375,0.253623188,1.0,4.0,14.30434783,2.0,0.9565,1.0
3.0,1.0,0.0,4.0,6.0,1.0,1.0,3.0,3.0,0.5,32.0,1.0,1.0,0.0,0.46666666700000003,0.0,0.0,9.333333332999999,2.0,1.0,-1.0
12.0,1.0,134.0,155.0,21.0,66.0,154.0,1.0,10.0,2.0,63.0,0.0,0.0,0.0,0.283333333,0.0,0.0,4.25,1.0,0.8333,1.0
11.0,2.0,0.0,7.0,21.0,35.0,2.0,5.0,9.0,0.8,107.0,0.5,0.0,0.55,0.257575758,1.0,4.0,8.545454545,2.0,0.9091,1.0
43.0,2.0,0.0,8.0,59.0,305.0,1.0,7.0,41.0,0.8677248679999999,794.0,0.944444444,8.0,0.21153846199999998,0.251937984,1.0,4.0,17.04651163,2.0,0.9767,1.0
36.0,1.0,0.0,18.0,90.0,252.0,11.0,8.0,29.0,0.7428571429999999,1699.0,0.8888888890000001,3.0,0.0,0.16,1.0,1.0,45.94444444,25.0,4.1667,1.0
23.0,2.0,0.0,9.0,39.0,181.0,2.0,7.0,20.0,0.877272727,388.0,0.7,1.0,0.34375,0.223602484,1.0,4.0,15.43478261,4.0,1.3478,1.0
14.0,2.0,0.0,7.0,37.0,35.0,3.0,5.0,12.0,0.7307692309999999,335.0,0.5,0.0,0.47826087,0.342857143,1.0,4.0,22.78571429,2.0,1.3571,1.0
4.0,3.0,0.0,3.0,7.0,6.0,1.0,2.0,4.0,1.333333333,18.0,0.0,0.0,0.96,0.5,1.0,3.0,3.25,1.0,0.25,1.0
11.0,2.0,0.0,7.0,20.0,35.0,3.0,4.0,9.0,0.8,113.0,0.5,0.0,0.55,0.257575758,1.0,4.0,9.090909091,2.0,1.0909,1.0
18.0,2.0,0.0,7.0,33.0,99.0,1.0,6.0,16.0,0.81512605,228.0,0.857142857,1.0,0.40740740700000005,0.25925925899999996,1.0,4.0,11.27777778,2.0,0.9444,1.0
11.0,2.0,0.0,7.0,20.0,35.0,3.0,4.0,9.0,0.8,113.0,0.5,0.0,0.55,0.257575758,1.0,4.0,9.090909091,2.0,1.0909,1.0
11.0,2.0,0.0,6.0,22.0,35.0,1.0,5.0,9.0,0.8,122.0,0.5,0.0,0.55,0.30909090899999997,1.0,4.0,9.909090909,2.0,0.9091,1.0
23.0,2.0,0.0,8.0,39.0,75.0,1.0,7.0,21.0,0.772727273,374.0,0.875,3.0,0.34375,0.253623188,1.0,4.0,14.91304348,2.0,0.9565,1.0
15.0,2.0,0.0,6.0,26.0,57.0,1.0,5.0,13.0,0.9285714290000001,225.0,0.333333333,0.0,0.45833333299999995,0.306666667,1.0,4.0,13.4,2.0,0.9333,1.0
13.0,2.0,0.0,7.0,31.0,52.0,2.0,5.0,11.0,0.7222222220000001,206.0,0.666666667,0.0,0.5,0.269230769,1.0,4.0,14.61538462,2.0,1.1538,1.0
12.0,2.0,0.0,6.0,22.0,44.0,2.0,4.0,10.0,0.757575758,123.0,0.666666667,0.0,0.523809524,0.316666667,1.0,4.0,9.0,2.0,0.9167,1.0
11.0,3.0,0.0,11.0,25.0,55.0,4.0,7.0,6.0,1.1,207.0,0.333333333,0.0,0.727272727,0.454545455,2.0,5.0,17.54545455,4.0,1.5455,1.0
35.0,2.0,0.0,8.0,56.0,189.0,1.0,7.0,33.0,0.914322251,635.0,0.565217391,6.0,0.25,0.21632653100000002,1.0,4.0,16.48571429,2.0,0.9714,1.0
10.0,2.0,0.0,9.0,26.0,33.0,2.0,7.0,8.0,0.833333333,148.0,0.5,0.0,0.578947368,0.26666666699999997,1.0,4.0,13.6,2.0,1.0,1.0
25.0,2.0,0.0,8.0,45.0,0.0,3.0,5.0,23.0,0.694444444,181.0,0.666666667,2.0,0.314285714,0.182222222,1.0,4.0,6.12,2.0,1.12,1.0
29.0,2.0,0.0,6.0,61.0,282.0,1.0,5.0,26.0,0.669642857,710.0,0.0,0.0,0.282051282,0.23275862100000003,1.0,3.0,23.34482759,7.0,2.2069,1.0
25.0,2.0,0.0,4.0,67.0,0.0,1.0,3.0,22.0,0.208333333,991.0,0.0,0.0,0.314285714,0.212,1.0,3.0,38.6,26.0,3.8,-1.0
17.0,2.0,0.0,11.0,42.0,108.0,3.0,9.0,15.0,0.796875,514.0,0.0,1.0,0.40740740700000005,0.243697479,1.0,3.0,29.0,14.0,3.3529,1.0
6.0,3.0,0.0,5.0,9.0,15.0,2.0,3.0,5.0,1.2,31.0,0.0,0.0,0.851851852,0.333333333,0.0,0.0,4.0,1.0,0.6667,-1.0
9.0,2.0,0.0,7.0,24.0,2.0,2.0,6.0,8.0,0.666666667,190.0,0.166666667,1.0,0.538461538,0.25925925899999996,1.0,2.0,19.44444444,2.0,0.8889,-1.0
3.0,3.0,0.0,3.0,8.0,3.0,1.0,2.0,2.0,1.5,92.0,0.0,0.0,0.95,0.666666667,1.0,5.0,29.33333333,3.0,1.0,-1.0
11.0,2.0,0.0,5.0,16.0,55.0,2.0,4.0,11.0,1.1,95.0,0.0,0.0,0.25,0.22077922100000003,0.0,0.0,7.454545455,1.0,0.8182,-1.0
7.0,2.0,0.0,3.0,9.0,9.0,1.0,3.0,7.0,0.944444444,69.0,0.666666667,0.0,0.583333333,0.314285714,1.0,2.0,8.428571429,9.0,1.8571,-1.0
10.0,2.0,0.0,4.0,13.0,3.0,2.0,3.0,9.0,0.851851852,83.0,0.333333333,0.0,0.5,0.228571429,1.0,2.0,7.0,2.0,0.9,-1.0
1.0,2.0,1.0,2.0,2.0,0.0,1.0,1.0,1.0,2.0,4.0,0.0,0.0,1.0,1.0,0.0,0.0,3.0,0.0,0.0,-1.0
21.0,2.0,5.0,14.0,42.0,38.0,8.0,7.0,20.0,0.685714286,318.0,0.857142857,3.0,0.291666667,0.19642857100000002,1.0,2.0,13.80952381,3.0,0.9048,1.0
22.0,2.0,1.0,12.0,52.0,89.0,4.0,9.0,22.0,0.721088435,417.0,0.857142857,2.0,0.269230769,0.198863636,1.0,2.0,17.63636364,8.0,1.1818,-1.0
10.0,2.0,0.0,4.0,14.0,45.0,1.0,3.0,10.0,1.111111111,57.0,0.333333333,0.0,0.272727273,0.25,0.0,0.0,4.4,1.0,0.8,-1.0
10.0,3.0,0.0,6.0,13.0,3.0,2.0,4.0,10.0,0.7222222220000001,69.0,0.5,0.0,0.46666666700000003,0.3,1.0,2.0,5.7,1.0,0.8,1.0
9.0,2.0,0.0,4.0,13.0,36.0,1.0,3.0,9.0,1.125,58.0,0.0,0.0,0.3,0.25925925899999996,0.0,0.0,5.333333333,1.0,0.7778,-1.0
8.0,2.0,0.0,4.0,12.0,22.0,1.0,4.0,7.0,0.8857142859999999,94.0,0.8,0.0,0.583333333,0.270833333,1.0,2.0,10.125,1.0,0.625,-1.0
9.0,2.0,0.0,5.0,13.0,36.0,2.0,3.0,9.0,1.125,62.0,0.0,0.0,0.3,0.25925925899999996,0.0,0.0,5.666666667,1.0,0.7778,1.0
7.0,2.0,0.0,3.0,8.0,21.0,0.0,3.0,7.0,1.0,26.0,1.0,0.0,0.583333333,0.314285714,1.0,2.0,2.5714285709999998,1.0,0.7143,-1.0
6.0,3.0,0.0,5.0,9.0,15.0,2.0,3.0,5.0,1.2,31.0,0.0,0.0,0.851851852,0.333333333,0.0,0.0,4.0,1.0,0.6667,-1.0
11.0,2.0,1.0,5.0,16.0,21.0,2.0,4.0,11.0,0.85,86.0,0.75,0.0,0.4375,0.257575758,1.0,2.0,6.454545455,1.0,0.8182,1.0
9.0,2.0,0.0,5.0,13.0,36.0,2.0,3.0,9.0,1.125,60.0,0.333333333,0.0,0.3,0.25925925899999996,0.0,0.0,5.333333333,1.0,0.7778,-1.0
6.0,3.0,0.0,4.0,34.0,13.0,1.0,3.0,5.0,1.2,194.0,0.0,0.0,0.875,0.333333333,2.0,3.0,31.16666667,1.0,0.6667,-1.0
5.0,2.0,21.0,24.0,6.0,10.0,23.0,1.0,5.0,1.25,13.0,0.0,0.0,0.636363636,0.6,0.0,0.0,1.0,1.0,0.8,-1.0
6.0,3.0,0.0,5.0,9.0,15.0,2.0,3.0,5.0,1.2,31.0,0.0,0.0,0.851851852,0.333333333,0.0,0.0,4.0,1.0,0.6667,-1.0
9.0,2.0,0.0,5.0,13.0,36.0,2.0,3.0,9.0,1.125,62.0,0.0,0.0,0.3,0.25925925899999996,0.0,0.0,5.666666667,1.0,0.7778,1.0
9.0,2.0,0.0,4.0,13.0,36.0,1.0,3.0,9.0,1.125,58.0,0.0,0.0,0.3,0.25925925899999996,0.0,0.0,5.333333333,1.0,0.7778,-1.0
10.0,2.0,0.0,5.0,14.0,45.0,2.0,3.0,10.0,1.111111111,52.0,0.5,0.0,0.272727273,0.25,0.0,0.0,4.0,1.0,0.8,-1.0
10.0,2.0,0.0,5.0,18.0,39.0,2.0,4.0,9.0,0.851851852,75.0,0.333333333,0.0,0.5,0.228571429,1.0,2.0,6.2,1.0,0.7,1.0
10.0,2.0,0.0,6.0,18.0,27.0,2.0,5.0,10.0,0.833333333,104.0,0.75,0.0,0.46666666700000003,0.28,1.0,2.0,9.0,1.0,0.8,1.0
10.0,2.0,0.0,5.0,14.0,45.0,2.0,3.0,10.0,1.111111111,63.0,0.333333333,0.0,0.272727273,0.25,0.0,0.0,5.0,1.0,0.8,-1.0
6.0,3.0,0.0,5.0,10.0,15.0,2.0,3.0,5.0,1.2,31.0,0.0,0.0,0.875,0.333333333,1.0,1.0,4.0,1.0,0.6667,-1.0
9.0,2.0,0.0,5.0,13.0,36.0,2.0,3.0,9.0,1.125,58.0,0.0,0.0,0.3,0.25925925899999996,0.0,0.0,5.333333333,1.0,0.7778,-1.0
5.0,3.0,0.0,4.0,13.0,10.0,2.0,2.0,4.0,1.25,40.0,0.0,0.0,0.92,0.4,1.0,1.0,6.8,1.0,0.4,-1.0
6.0,3.0,0.0,5.0,9.0,15.0,2.0,3.0,5.0,1.2,31.0,0.0,0.0,0.875,0.333333333,1.0,1.0,4.0,1.0,0.6667,-1.0
14.0,2.0,2.0,9.0,40.0,27.0,3.0,7.0,13.0,0.7762237759999999,594.0,0.9090909090000001,0.0,0.36842105299999994,0.27380952399999997,1.0,2.0,40.64285714,7.0,2.4286,1.0
2.0,3.0,0.0,3.0,4.0,1.0,1.0,2.0,2.0,2.0,12.0,0.0,0.0,1.0,0.625,0.0,0.0,4.5,0.0,0.0,-1.0
9.0,2.0,0.0,5.0,13.0,36.0,2.0,3.0,9.0,1.125,62.0,0.0,0.0,0.3,0.25925925899999996,0.0,0.0,5.666666667,1.0,0.7778,-1.0
5.0,3.0,0.0,4.0,12.0,10.0,1.0,3.0,5.0,1.25,42.0,0.0,0.0,0.842105263,0.36,2.0,2.0,7.2,1.0,0.6,-1.0
9.0,2.0,0.0,5.0,13.0,36.0,2.0,3.0,9.0,1.125,64.0,0.0,0.0,0.3,0.25925925899999996,0.0,0.0,5.8888888889999995,1.0,0.7778,-1.0
9.0,2.0,0.0,5.0,13.0,36.0,2.0,3.0,9.0,1.125,59.0,0.0,0.0,0.3,0.25925925899999996,0.0,0.0,5.333333333,1.0,0.7778,-1.0
9.0,2.0,0.0,5.0,13.0,36.0,2.0,3.0,9.0,1.125,62.0,0.0,0.0,0.3,0.25925925899999996,0.0,0.0,5.666666667,1.0,0.7778,1.0
7.0,3.0,0.0,5.0,17.0,0.0,2.0,3.0,6.0,0.8888888890000001,116.0,0.333333333,0.0,0.772727273,0.35714285700000004,1.0,5.0,15.14285714,1.0,0.7143,-1.0
34.0,2.0,1.0,13.0,60.0,187.0,5.0,9.0,34.0,0.747474747,700.0,0.8888888890000001,2.0,0.184210526,0.17320261399999998,2.0,3.0,19.32352941,8.0,1.4118,1.0
8.0,3.0,0.0,5.0,20.0,0.0,2.0,3.0,7.0,1.142857143,154.0,0.5,0.0,0.772727273,0.270833333,1.0,5.0,18.0,1.0,0.625,-1.0
5.0,3.0,0.0,4.0,17.0,10.0,2.0,2.0,4.0,1.25,52.0,0.0,0.0,0.933333333,0.4,1.0,1.0,9.2,1.0,0.4,-1.0
10.0,2.0,0.0,6.0,14.0,45.0,3.0,3.0,10.0,1.111111111,59.0,0.333333333,0.0,0.272727273,0.25,0.0,0.0,4.6,1.0,0.8,-1.0
25.0,2.0,0.0,8.0,40.0,106.0,2.0,6.0,25.0,0.7537878790000001,452.0,0.9090909090000001,7.0,0.115384615,0.15555555599999998,0.0,0.0,16.64,8.0,1.32,1.0
2.0,3.0,0.0,3.0,4.0,1.0,1.0,2.0,2.0,2.0,12.0,0.0,0.0,1.0,0.625,0.0,0.0,4.5,0.0,0.0,-1.0
10.0,2.0,0.0,4.0,18.0,25.0,1.0,4.0,9.0,0.8888888890000001,83.0,0.666666667,0.0,0.46666666700000003,0.3,1.0,2.0,7.0,1.0,0.8,1.0
31.0,2.0,6.0,16.0,55.0,133.0,9.0,8.0,30.0,0.740740741,573.0,0.8888888890000001,3.0,0.20588235300000002,0.193548387,1.0,2.0,17.19354839,5.0,1.0,1.0
10.0,2.0,0.0,6.0,15.0,45.0,2.0,4.0,10.0,1.111111111,59.0,0.333333333,0.0,0.272727273,0.25,0.0,0.0,4.6,1.0,0.8,-1.0
16.0,2.0,2.0,6.0,31.0,102.0,3.0,3.0,11.0,0.933333333,9886.0,0.75,1.0,0.176470588,0.19047619,0.0,0.0,616.375,5.0,1.1875,1.0
5.0,3.0,0.0,4.0,17.0,10.0,2.0,2.0,4.0,1.25,52.0,0.0,0.0,0.933333333,0.4,1.0,1.0,9.2,1.0,0.4,-1.0
10.0,2.0,0.0,5.0,18.0,39.0,2.0,4.0,9.0,0.851851852,75.0,0.333333333,0.0,0.5,0.228571429,1.0,2.0,6.2,1.0,0.7,1.0
14.0,1.0,19.0,70.0,91.0,85.0,29.0,58.0,14.0,1.0,579.0,0.25,0.0,0.0,0.1875,0.0,0.0,40.07142857,7.0,1.9286,1.0
3.0,3.0,0.0,3.0,8.0,3.0,1.0,2.0,2.0,1.5,92.0,0.0,0.0,0.95,0.666666667,1.0,5.0,29.33333333,3.0,1.0,-1.0
8.0,2.0,0.0,6.0,20.0,4.0,2.0,5.0,7.0,0.8,143.0,0.6,0.0,0.583333333,0.291666667,1.0,2.0,16.25,1.0,0.625,-1.0
9.0,2.0,0.0,5.0,13.0,36.0,2.0,3.0,9.0,1.125,62.0,0.0,0.0,0.3,0.25925925899999996,0.0,0.0,5.666666667,1.0,0.7778,-1.0
10.0,2.0,0.0,5.0,14.0,45.0,2.0,3.0,10.0,1.111111111,67.0,0.333333333,0.0,0.272727273,0.25,0.0,0.0,5.4,1.0,0.8,1.0
5.0,3.0,0.0,4.0,13.0,10.0,2.0,2.0,4.0,1.25,40.0,0.0,0.0,0.92,0.4,1.0,1.0,6.8,1.0,0.4,-1.0
6.0,3.0,0.0,5.0,9.0,15.0,2.0,3.0,5.0,1.2,31.0,0.0,0.0,0.875,0.333333333,1.0,1.0,4.0,1.0,0.6667,-1.0
7.0,2.0,0.0,4.0,8.0,21.0,2.0,3.0,7.0,1.166666667,32.0,0.5,0.0,0.583333333,0.314285714,1.0,2.0,3.285714286,1.0,0.7143,-1.0
10.0,2.0,0.0,5.0,14.0,45.0,2.0,3.0,10.0,1.111111111,67.0,0.333333333,0.0,0.272727273,0.25,0.0,0.0,5.4,1.0,0.8,1.0
10.0,1.0,0.0,14.0,59.0,15.0,2.0,12.0,6.0,0.644444444,732.0,1.0,0.0,0.0,0.180555556,0.0,0.0,71.7,8.0,2.0,1.0
1.0,1.0,0.0,4.0,1.0,0.0,3.0,1.0,1.0,2.0,1.0,0.0,0.0,0.0,1.0,0.0,0.0,0.0,1.0,1.0,-1.0
1.0,1.0,0.0,2.0,1.0,0.0,1.0,1.0,1.0,2.0,1.0,0.0,0.0,0.0,1.0,0.0,0.0,0.0,1.0,1.0,-1.0
5.0,1.0,0.0,8.0,24.0,2.0,0.0,8.0,4.0,0.666666667,117.0,0.0,1.0,0.0,0.36,0.0,0.0,21.8,7.0,2.2,1.0
3.0,1.0,0.0,4.0,4.0,3.0,1.0,3.0,3.0,2.0,7.0,0.0,0.0,0.0,0.833333333,0.0,0.0,1.333333333,1.0,0.6667,1.0
1.0,1.0,0.0,5.0,1.0,0.0,4.0,1.0,1.0,2.0,1.0,0.0,0.0,0.0,1.0,0.0,0.0,0.0,1.0,1.0,-1.0
5.0,3.0,0.0,3.0,7.0,4.0,3.0,0.0,5.0,0.5,29.0,1.0,0.0,0.944444444,0.6,0.0,0.0,4.6,1.0,0.2,-1.0
6.0,1.0,0.0,9.0,15.0,15.0,1.0,8.0,5.0,2.0,128.0,0.0,0.0,0.0,0.533333333,0.0,0.0,20.33333333,1.0,0.8333,1.0
4.0,1.0,0.0,7.0,17.0,0.0,2.0,5.0,3.0,0.0,116.0,1.0,0.0,0.0,0.5,0.0,0.0,27.75,2.0,1.25,-1.0
16.0,1.0,0.0,3.0,17.0,78.0,2.0,1.0,16.0,0.533333333,172.0,1.0,0.0,0.0,0.291666667,0.0,0.0,9.5,9.0,1.625,-1.0
6.0,1.0,49.0,51.0,56.0,15.0,51.0,46.0,6.0,1.2,923.0,1.0,0.0,0.0,0.666666667,0.0,0.0,152.5,1.0,0.8333,-1.0
2.0,1.0,0.0,2.0,4.0,1.0,2.0,0.0,1.0,2.0,39.0,0.0,0.0,0.0,0.5,0.0,0.0,18.5,3.0,1.5,1.0
3.0,1.0,0.0,3.0,8.0,0.0,3.0,0.0,3.0,0.0,32.0,0.0,0.0,0.0,0.666666667,0.0,0.0,9.333333332999999,1.0,0.6667,-1.0
7.0,1.0,0.0,2.0,8.0,9.0,2.0,0.0,7.0,0.966666667,59.0,0.6,0.0,0.0,0.35714285700000004,0.0,0.0,6.0,1.0,0.8571,-1.0
30.0,1.0,0.0,3.0,53.0,331.0,3.0,0.0,24.0,0.8735632179999999,773.0,0.0,0.0,0.0,0.391666667,0.0,0.0,24.56666667,6.0,2.6667,1.0
5.0,1.0,0.0,3.0,21.0,0.0,2.0,1.0,4.0,0.5,149.0,1.0,1.0,0.0,0.7,0.0,0.0,28.4,2.0,1.2,1.0
12.0,1.0,0.0,6.0,32.0,34.0,6.0,0.0,9.0,0.690909091,346.0,1.0,0.0,0.0,0.375,0.0,0.0,27.41666667,6.0,1.5833,1.0
6.0,1.0,5.0,23.0,30.0,15.0,6.0,22.0,3.0,2.0,207.0,0.0,0.0,0.0,0.333333333,0.0,0.0,33.5,7.0,2.5,-1.0
4.0,3.0,0.0,13.0,32.0,4.0,2.0,11.0,2.0,0.666666667,155.0,1.0,1.0,0.8,0.5,1.0,1.0,37.5,11.0,3.75,1.0
5.0,2.0,0.0,17.0,48.0,6.0,1.0,17.0,2.0,0.916666667,439.0,0.666666667,2.0,0.5555555560000001,0.55,1.0,1.0,86.2,4.0,1.4,1.0
28.0,1.0,0.0,2.0,35.0,198.0,1.0,1.0,28.0,0.841750842,388.0,1.0,0.0,0.0,0.383928571,0.0,0.0,12.46428571,12.0,1.75,1.0
88.0,1.0,0.0,115.0,308.0,2862.0,60.0,56.0,50.0,0.921695402,3649.0,1.0,6.0,0.0,0.13688610199999998,0.0,0.0,40.28409091,38.0,2.3182,1.0
8.0,1.0,0.0,7.0,29.0,0.0,4.0,3.0,4.0,0.35714285700000004,242.0,0.0,1.0,0.0,0.375,0.0,0.0,29.0,6.0,1.875,-1.0
56.0,1.0,0.0,35.0,146.0,728.0,3.0,32.0,7.0,0.7155844159999999,2031.0,0.642857143,1.0,0.0,0.17373737399999997,0.0,0.0,35.01785714,14.0,3.2857,1.0
8.0,2.0,1.0,21.0,59.0,20.0,3.0,19.0,4.0,0.8214285709999999,267.0,1.0,4.0,0.41666666700000005,0.666666667,1.0,1.0,31.875,1.0,0.875,1.0
2.0,1.0,0.0,8.0,37.0,1.0,2.0,6.0,2.0,2.0,139.0,0.0,0.0,0.0,0.5,0.0,0.0,68.5,2.0,1.0,1.0
5.0,2.0,0.0,15.0,41.0,6.0,1.0,15.0,2.0,0.75,177.0,1.0,2.0,0.5555555560000001,0.55,1.0,1.0,34.0,3.0,1.2,1.0
7.0,1.0,0.0,3.0,30.0,0.0,0.0,3.0,4.0,0.333333333,212.0,0.0,1.0,0.0,0.47619047600000003,0.0,0.0,29.0,7.0,2.1429,-1.0
6.0,2.0,0.0,12.0,36.0,11.0,1.0,12.0,2.0,0.8,173.0,1.0,2.0,0.5,0.541666667,1.0,1.0,27.5,3.0,1.1667,1.0
134.0,1.0,0.0,65.0,390.0,7059.0,5.0,60.0,101.0,0.9408939009999999,3878.0,0.7222222220000001,19.0,0.0,0.077238551,0.0,0.0,27.67164179,43.0,2.3507,1.0
0.0,1.0,0.0,4.0,0.0,0.0,4.0,0.0,0.0,2.0,0.0,0.0,0.0,0.0,0.0,0.0,0.0,0.0,0.0,0.0,-1.0
5.0,2.0,0.0,16.0,41.0,6.0,1.0,16.0,2.0,0.75,181.0,1.0,2.0,0.5555555560000001,0.55,1.0,1.0,34.8,3.0,1.2,1.0
8.0,1.0,0.0,133.0,166.0,24.0,1.0,133.0,5.0,0.7142857140000001,1000.0,0.5,0.0,0.0,0.234375,0.0,0.0,123.75,126.0,17.125,1.0
9.0,1.0,0.0,11.0,43.0,28.0,0.0,11.0,6.0,0.6875,416.0,1.0,0.0,0.0,0.333333333,0.0,0.0,45.0,13.0,3.2222,-1.0
4.0,1.0,0.0,6.0,16.0,4.0,1.0,6.0,4.0,0.333333333,82.0,0.0,0.0,0.0,0.41666666700000005,0.0,0.0,19.25,3.0,1.25,-1.0
4.0,1.0,0.0,9.0,49.0,0.0,0.0,9.0,4.0,0.0,463.0,1.0,1.0,0.0,0.5625,0.0,0.0,114.25,8.0,2.0,1.0
49.0,2.0,0.0,15.0,103.0,740.0,1.0,14.0,42.0,0.8359375,1010.0,1.0,3.0,0.520833333,0.182692308,2.0,18.0,19.44897959,7.0,1.5102,1.0
3.0,3.0,0.0,6.0,5.0,1.0,3.0,3.0,2.0,1.357142857,25.0,0.0,0.0,0.9,0.5,0.0,0.0,5.0,1.0,0.6667,1.0
3.0,1.0,0.0,2.0,6.0,0.0,1.0,1.0,2.0,1.3125,41.0,0.125,1.0,0.0,0.666666667,0.0,0.0,10.0,8.0,3.0,1.0
36.0,1.0,0.0,28.0,144.0,104.0,5.0,24.0,27.0,0.8464285709999999,1294.0,0.4375,5.0,0.0,0.124074074,0.0,0.0,34.5,18.0,2.7778,1.0
43.0,1.0,0.0,7.0,90.0,0.0,5.0,2.0,41.0,1.001035197,397.0,0.043478261,1.0,0.0,0.302325581,0.0,0.0,7.162790697999999,5.0,1.2093,1.0
11.0,3.0,1.0,11.0,14.0,41.0,7.0,4.0,11.0,0.916666667,66.0,0.0,1.0,0.642857143,0.327272727,0.0,0.0,4.454545455,1.0,0.9091,1.0
17.0,1.0,3.0,18.0,19.0,84.0,15.0,3.0,16.0,0.994047619,152.0,0.0,2.0,0.0,0.317647059,0.0,0.0,6.705882353,4.0,1.1176,1.0
8.0,2.0,0.0,7.0,9.0,14.0,5.0,2.0,6.0,0.7857142859999999,73.0,0.0,0.0,0.695652174,0.325,0.0,0.0,7.625,2.0,1.0,-1.0
102.0,1.0,0.0,38.0,302.0,0.0,5.0,35.0,88.0,0.925742574,1843.0,0.4375,3.0,0.0,0.135567403,0.0,0.0,16.91176471,18.0,1.7353,1.0
9.0,1.0,0.0,2.0,32.0,20.0,2.0,0.0,8.0,0.625,291.0,1.0,0.0,0.0,0.301587302,0.0,0.0,31.0,8.0,2.4444,1.0
13.0,2.0,0.0,11.0,26.0,4.0,3.0,8.0,13.0,0.683333333,174.0,0.0,0.0,0.571428571,0.33846153799999995,1.0,1.0,12.0,2.0,1.0,-1.0
7.0,1.0,0.0,4.0,26.0,0.0,1.0,3.0,5.0,0.083333333,118.0,1.0,2.0,0.0,0.428571429,0.0,0.0,15.57142857,4.0,1.4286,1.0
6.0,1.0,0.0,7.0,12.0,0.0,2.0,5.0,5.0,0.0,175.0,1.0,1.0,0.0,0.541666667,0.0,0.0,28.0,5.0,2.5,1.0
3.0,2.0,2.0,12.0,4.0,0.0,10.0,2.0,2.0,1.25,24.0,0.0,0.0,0.8888888890000001,0.5,0.0,0.0,5.0,1.0,0.6667,-1.0
39.0,1.0,0.0,3.0,78.0,0.0,2.0,1.0,38.0,0.923684211,234.0,0.0,1.0,0.0,0.30256410300000003,0.0,0.0,4.743589743999999,2.0,1.0256,-1.0
0.0,1.0,0.0,0.0,0.0,0.0,0.0,0.0,0.0,2.0,7.0,0.0,0.0,0.0,0.0,0.0,0.0,0.0,0.0,0.0,-1.0
85.0,3.0,0.0,0.0,182.0,0.0,0.0,0.0,85.0,0.5,2891.0,0.5,0.0,0.514450867,0.075456389,2.0,20.0,32.98823529,1.0,0.9882,-1.0
65.0,1.0,0.0,44.0,248.0,100.0,4.0,41.0,52.0,0.9264705879999999,2273.0,0.470588235,4.0,0.0,0.12916666699999999,0.0,0.0,33.70769231,32.0,2.3077,1.0
9.0,1.0,0.0,5.0,32.0,0.0,3.0,2.0,7.0,0.65625,431.0,1.0,1.0,0.0,0.25,0.0,0.0,46.44444444,8.0,2.3333,-1.0
81.0,3.0,0.0,3.0,159.0,3130.0,0.0,3.0,73.0,0.830357143,905.0,1.0,2.0,0.526627219,0.079561043,2.0,20.0,10.08641975,5.0,1.1975,1.0
3.0,1.0,0.0,2.0,24.0,1.0,1.0,1.0,1.0,0.75,121.0,1.0,0.0,0.0,0.5,0.0,0.0,38.66666667,8.0,2.6667,1.0
1.0,1.0,0.0,3.0,1.0,0.0,3.0,0.0,1.0,2.0,1.0,0.0,0.0,0.0,1.0,0.0,0.0,0.0,1.0,1.0,-1.0
12.0,1.0,2.0,18.0,13.0,42.0,18.0,0.0,12.0,0.818181818,62.0,0.0,0.0,0.0,0.708333333,0.0,0.0,3.833333333,1.0,0.8333,-1.0
23.0,1.0,0.0,7.0,48.0,0.0,6.0,1.0,22.0,0.984848485,167.0,0.111111111,1.0,0.0,0.253623188,0.0,0.0,5.47826087,1.0,0.9565,1.0
11.0,4.0,0.0,11.0,24.0,9.0,5.0,6.0,10.0,0.75,150.0,1.0,2.0,0.756756757,0.181818182,1.0,1.0,12.09090909,3.0,1.4545,1.0
20.0,1.0,0.0,2.0,34.0,158.0,1.0,1.0,18.0,0.75,262.0,0.0,1.0,0.0,0.175,0.0,0.0,11.9,4.0,1.1,1.0
27.0,1.0,0.0,9.0,54.0,107.0,4.0,6.0,18.0,0.711538462,515.0,0.833333333,4.0,0.0,0.148148148,0.0,0.0,17.85185185,7.0,1.963,1.0
18.0,2.0,0.0,7.0,32.0,85.0,4.0,3.0,16.0,0.776470588,398.0,0.0,0.0,0.384615385,0.355555556,1.0,1.0,20.83333333,4.0,1.5,1.0
20.0,1.0,0.0,2.0,34.0,158.0,1.0,1.0,18.0,0.75,262.0,0.0,1.0,0.0,0.175,0.0,0.0,11.9,4.0,1.1,1.0
14.0,1.0,0.0,12.0,29.0,1.0,2.0,11.0,13.0,0.794871795,193.0,0.0,1.0,0.0,0.32857142899999997,0.0,0.0,12.35714286,2.0,1.0,1.0
5.0,2.0,0.0,5.0,7.0,6.0,4.0,1.0,5.0,2.0,46.0,0.0,0.0,0.7692307690000001,0.7,1.0,1.0,8.2,2.0,1.0,1.0
11.0,1.0,0.0,2.0,24.0,53.0,1.0,2.0,6.0,1.033333333,241.0,1.0,0.0,0.0,0.157142857,0.0,0.0,20.63636364,4.0,1.6364,1.0
22.0,1.0,0.0,12.0,47.0,0.0,7.0,5.0,16.0,0.583333333,307.0,0.75,3.0,0.0,0.196969697,0.0,0.0,12.77272727,9.0,1.5,1.0
0.0,1.0,0.0,1.0,0.0,0.0,1.0,0.0,0.0,2.0,5.0,0.0,0.0,0.0,0.0,0.0,0.0,0.0,0.0,0.0,-1.0
11.0,1.0,0.0,5.0,21.0,9.0,2.0,3.0,11.0,0.25,92.0,1.0,0.0,0.0,0.454545455,0.0,0.0,7.181818182000001,1.0,0.6364,-1.0
3.0,1.0,0.0,3.0,5.0,3.0,3.0,0.0,2.0,2.0,43.0,0.0,0.0,0.0,0.5,0.0,0.0,13.33333333,1.0,0.6667,1.0
4.0,1.0,0.0,5.0,4.0,6.0,4.0,1.0,4.0,2.0,4.0,0.0,0.0,0.0,0.583333333,0.0,0.0,0.0,1.0,1.0,-1.0
6.0,1.0,0.0,1.0,16.0,0.0,0.0,1.0,4.0,0.0,108.0,0.0,0.0,0.0,0.916666667,0.0,0.0,16.83333333,3.0,1.8333,-1.0
25.0,1.0,0.0,1.0,29.0,0.0,1.0,0.0,24.0,0.38888888899999996,635.0,1.0,0.0,0.0,0.313333333,1.0,1.0,24.28,9.0,2.6,-1.0
3.0,1.0,0.0,37.0,9.0,1.0,36.0,1.0,2.0,0.5,37.0,1.0,0.0,0.0,0.5,0.0,0.0,11.0,2.0,0.6667,1.0
2.0,1.0,0.0,3.0,15.0,1.0,0.0,3.0,2.0,2.0,56.0,0.0,0.0,0.0,0.5,0.0,0.0,27.0,1.0,0.5,-1.0
10.0,2.0,0.0,0.0,19.0,0.0,0.0,0.0,10.0,0.0,86.0,1.0,0.0,0.5,0.32,1.0,2.0,7.5,1.0,0.9,-1.0
57.0,2.0,0.0,15.0,87.0,1362.0,14.0,7.0,17.0,0.927083333,1806.0,1.0,1.0,0.25,0.265306122,1.0,7.0,30.47368421,19.0,2.5263,1.0
18.0,1.0,0.0,37.0,19.0,107.0,37.0,0.0,18.0,0.382352941,170.0,1.0,0.0,0.0,0.433333333,0.0,0.0,8.333333332999999,2.0,1.2222,-1.0
14.0,1.0,0.0,12.0,42.0,91.0,12.0,0.0,12.0,1.076923077,458.0,1.0,0.0,0.0,0.255102041,0.0,0.0,31.64285714,10.0,2.5714,1.0
6.0,1.0,0.0,1.0,27.0,15.0,1.0,0.0,5.0,2.0,264.0,0.0,0.0,0.0,0.291666667,0.0,0.0,43.0,1.0,0.8333,-1.0
25.0,1.0,0.0,0.0,29.0,0.0,0.0,0.0,24.0,0.38888888899999996,629.0,1.0,0.0,0.0,0.313333333,1.0,1.0,24.04,9.0,2.6,1.0
4.0,2.0,0.0,1.0,12.0,4.0,0.0,1.0,4.0,0.666666667,44.0,1.0,0.0,0.8888888890000001,0.5,1.0,1.0,9.75,2.0,1.25,1.0
5.0,2.0,0.0,3.0,20.0,0.0,0.0,3.0,4.0,0.5,138.0,1.0,0.0,0.8888888890000001,0.5,1.0,1.0,26.2,12.0,4.8,-1.0
36.0,1.0,0.0,188.0,44.0,630.0,186.0,2.0,33.0,2.0,398.0,0.0,0.0,0.0,0.20061728399999998,0.0,0.0,10.05555556,2.0,1.2222,1.0
16.0,1.0,0.0,71.0,49.0,102.0,71.0,0.0,11.0,0.355555556,794.0,0.666666667,0.0,0.0,0.18,0.0,0.0,48.4375,10.0,1.875,1.0
3.0,1.0,0.0,0.0,15.0,1.0,0.0,0.0,2.0,0.75,53.0,0.0,0.0,0.0,0.5,0.0,0.0,16.0,1.0,0.3333,1.0
11.0,1.0,0.0,4.0,15.0,21.0,1.0,3.0,11.0,0.533333333,90.0,1.0,0.0,0.0,0.454545455,0.0,0.0,6.909090909,1.0,0.6364,-1.0
23.0,2.0,0.0,2.0,24.0,253.0,1.0,1.0,23.0,2.0,49.0,0.0,0.0,0.52173913,0.669565217,1.0,2.0,1.1304347829999999,1.0,0.9565,1.0
7.0,1.0,0.0,4.0,18.0,0.0,4.0,0.0,7.0,0.611111111,75.0,1.0,0.0,0.0,0.523809524,0.0,0.0,9.285714286000001,2.0,0.8571,1.0
5.0,1.0,0.0,1.0,15.0,0.0,0.0,1.0,3.0,0.0,86.0,0.0,0.0,0.0,0.666666667,0.0,0.0,16.0,3.0,1.6,-1.0
27.0,1.0,0.0,4.0,31.0,0.0,4.0,0.0,25.0,0.509615385,683.0,1.0,0.0,0.0,0.37037037,1.0,1.0,24.14814815,9.0,2.5556,1.0
4.0,1.0,0.0,8.0,15.0,4.0,6.0,2.0,2.0,0.333333333,55.0,1.0,0.0,0.0,0.333333333,0.0,0.0,12.5,2.0,0.75,-1.0
26.0,1.0,3.0,11.0,42.0,325.0,10.0,1.0,22.0,1.04,693.0,0.0,0.0,0.0,0.544871795,0.0,0.0,25.46153846,10.0,1.9615,1.0
11.0,1.0,0.0,5.0,21.0,9.0,2.0,3.0,11.0,0.25,92.0,1.0,0.0,0.0,0.454545455,0.0,0.0,7.181818182000001,1.0,0.6364,-1.0
3.0,1.0,0.0,1.0,10.0,3.0,1.0,0.0,3.0,2.0,244.0,0.0,0.0,0.0,0.41666666700000005,0.0,0.0,80.33333333,10.0,5.6667,-1.0
5.0,1.0,0.0,0.0,11.0,0.0,0.0,0.0,3.0,0.0,86.0,0.0,0.0,0.0,0.666666667,0.0,0.0,16.0,3.0,1.6,-1.0
11.0,1.0,0.0,7.0,17.0,9.0,4.0,3.0,11.0,0.25,85.0,1.0,0.0,0.0,0.522727273,0.0,0.0,6.545454545,1.0,0.6364,-1.0
7.0,3.0,0.0,4.0,14.0,9.0,2.0,2.0,7.0,0.166666667,85.0,1.0,0.0,0.692307692,0.428571429,1.0,1.0,11.0,7.0,1.4286,-1.0
6.0,2.0,1.0,7.0,14.0,15.0,3.0,4.0,6.0,2.0,67.0,0.0,0.0,0.5555555560000001,0.333333333,1.0,2.0,10.16666667,1.0,0.6667,-1.0
2.0,5.0,0.0,3.0,9.0,1.0,0.0,3.0,2.0,2.0,33.0,0.0,0.0,1.0,0.875,0.0,0.0,15.5,0.0,0.0,-1.0
8.0,4.0,4.0,11.0,16.0,22.0,11.0,0.0,8.0,0.428571429,66.0,1.0,0.0,0.80952381,0.35,1.0,1.0,7.125,2.0,0.75,-1.0
4.0,1.0,1.0,3.0,16.0,2.0,3.0,0.0,3.0,1.2727272729999999,798.0,0.036363636,0.0,0.0,0.5,0.0,0.0,184.75,2.0,1.0,-1.0
51.0,3.0,0.0,11.0,99.0,1275.0,1.0,10.0,49.0,1.02,564.0,0.0,0.0,0.333333333,0.193277311,0.0,0.0,10.03921569,6.0,1.1765,-1.0
15.0,1.0,0.0,7.0,34.0,105.0,6.0,1.0,14.0,1.071428571,338.0,0.0,0.0,0.0,0.103030303,0.0,0.0,21.46666667,6.0,1.8667,1.0
12.0,1.0,1.0,17.0,49.0,18.0,10.0,7.0,8.0,0.484848485,595.0,1.0,0.0,0.0,0.36666666700000006,1.0,1.0,48.33333333,12.0,2.3333,1.0
4.0,5.0,0.0,2.0,8.0,6.0,1.0,1.0,4.0,2.0,20.0,0.0,0.0,1.0,0.666666667,0.0,0.0,4.0,0.0,0.0,-1.0
5.0,3.0,4.0,5.0,7.0,4.0,5.0,0.0,5.0,0.5,29.0,1.0,0.0,0.944444444,0.6,0.0,0.0,4.6,1.0,0.2,-1.0
24.0,2.0,0.0,15.0,86.0,116.0,5.0,11.0,21.0,0.5072463770000001,781.0,1.0,0.0,0.290322581,0.16025641,1.0,7.0,31.41666667,7.0,1.4167,-1.0
8.0,1.0,0.0,2.0,12.0,8.0,0.0,2.0,7.0,0.8214285709999999,129.0,0.083333333,0.0,0.0,0.642857143,0.0,0.0,13.625,1.0,0.625,1.0
1.0,6.0,0.0,2.0,2.0,0.0,1.0,1.0,1.0,2.0,6.0,0.0,0.0,1.0,1.0,0.0,0.0,5.0,0.0,0.0,-1.0
1.0,5.0,2.0,8.0,8.0,0.0,5.0,3.0,1.0,2.0,32.0,0.0,0.0,1.0,1.0,0.0,0.0,31.0,0.0,0.0,-1.0
4.0,4.0,0.0,3.0,8.0,6.0,2.0,1.0,4.0,2.0,20.0,0.0,0.0,1.0,0.666666667,0.0,0.0,4.0,0.0,0.0,-1.0
16.0,3.0,0.0,4.0,52.0,82.0,1.0,3.0,14.0,0.26666666699999997,416.0,1.0,0.0,0.7826086959999999,0.1875,2.0,7.0,24.8125,3.0,1.1875,-1.0
10.0,1.0,0.0,11.0,23.0,0.0,10.0,1.0,10.0,0.611111111,359.0,0.5,0.0,0.0,0.45,1.0,1.0,34.7,6.0,2.0,-1.0
55.0,3.0,0.0,7.0,72.0,1485.0,1.0,6.0,55.0,1.0185185190000001,485.0,0.0,0.0,0.316455696,0.192207792,0.0,0.0,7.8,2.0,1.0,1.0
9.0,1.0,0.0,9.0,27.0,36.0,4.0,6.0,9.0,2.0,204.0,0.0,0.0,0.0,0.25,0.0,0.0,21.66666667,1.0,0.8889,-1.0
4.0,5.0,0.0,3.0,8.0,6.0,2.0,1.0,4.0,2.0,20.0,0.0,0.0,1.0,0.666666667,0.0,0.0,4.0,0.0,0.0,-1.0
4.0,4.0,0.0,4.0,8.0,6.0,3.0,1.0,4.0,2.0,20.0,0.0,0.0,1.0,0.666666667,0.0,0.0,4.0,0.0,0.0,-1.0
3.0,4.0,2.0,3.0,4.0,0.0,2.0,1.0,3.0,0.5,21.0,1.0,0.0,0.9,0.5,0.0,0.0,5.333333333,1.0,0.6667,-1.0
4.0,1.0,0.0,11.0,16.0,6.0,0.0,11.0,4.0,2.0,83.0,0.0,0.0,0.0,0.25,0.0,0.0,19.75,1.0,0.75,-1.0
28.0,3.0,2.0,10.0,56.0,0.0,2.0,8.0,25.0,0.0,160.0,1.0,1.0,0.490196078,0.15,2.0,7.0,4.678571429,1.0,0.9286,-1.0
4.0,5.0,0.0,4.0,8.0,6.0,3.0,1.0,4.0,2.0,20.0,0.0,0.0,1.0,0.666666667,0.0,0.0,4.0,0.0,0.0,-1.0
4.0,5.0,0.0,2.0,8.0,6.0,1.0,1.0,4.0,2.0,20.0,0.0,0.0,1.0,0.666666667,0.0,0.0,4.0,0.0,0.0,-1.0
18.0,1.0,1.0,14.0,64.0,127.0,8.0,7.0,14.0,0.754901961,714.0,1.0,2.0,0.0,0.25,1.0,1.0,38.33333333,16.0,2.4444,1.0
1.0,6.0,0.0,7.0,2.0,0.0,6.0,1.0,1.0,2.0,6.0,0.0,0.0,1.0,1.0,0.0,0.0,5.0,0.0,0.0,-1.0
11.0,2.0,1.0,15.0,51.0,25.0,2.0,13.0,11.0,0.6,305.0,1.0,0.0,0.64,0.22727272699999998,1.0,5.0,26.63636364,2.0,0.9091,1.0
26.0,1.0,1.0,16.0,72.0,273.0,5.0,11.0,20.0,0.82,553.0,0.5,1.0,0.0,0.28800000000000003,1.0,1.0,19.88461538,8.0,1.3077,-1.0
8.0,2.0,0.0,10.0,61.0,22.0,4.0,7.0,6.0,0.642857143,725.0,1.0,0.0,0.0,0.19642857100000002,0.0,0.0,89.375,54.0,7.75,1.0
4.0,4.0,0.0,3.0,8.0,6.0,2.0,1.0,4.0,2.0,20.0,0.0,0.0,1.0,0.666666667,0.0,0.0,4.0,0.0,0.0,-1.0
1.0,1.0,0.0,0.0,2.0,0.0,0.0,0.0,1.0,2.0,58.0,0.0,0.0,0.0,1.0,0.0,0.0,3.0,0.0,0.0,-1.0
8.0,3.0,0.0,5.0,15.0,26.0,4.0,1.0,7.0,0.857142857,295.0,0.25,1.0,0.9,0.342857143,1.0,1.0,35.375,3.0,1.125,1.0
7.0,3.0,0.0,1.0,18.0,21.0,1.0,0.0,7.0,1.1491228070000001,301.0,0.052631579000000005,2.0,0.9152542370000001,0.22448979600000002,1.0,2.0,36.57142857,2.0,1.0,-1.0
4.0,1.0,0.0,3.0,4.0,6.0,3.0,0.0,4.0,2.0,4.0,0.0,0.0,0.0,0.75,0.0,0.0,0.0,1.0,1.0,-1.0
32.0,1.0,3.0,19.0,65.0,290.0,13.0,6.0,18.0,0.9626485570000001,732.0,1.0,16.0,0.0,0.17578125,0.0,0.0,20.6875,3.0,1.1563,1.0
7.0,2.0,0.0,6.0,14.0,9.0,5.0,2.0,5.0,0.5,48.0,1.0,1.0,0.848484848,0.342857143,0.0,0.0,5.714285714,1.0,0.7143,-1.0
0.0,1.0,0.0,0.0,0.0,0.0,0.0,0.0,0.0,2.0,4.0,0.0,0.0,0.0,0.0,0.0,0.0,0.0,0.0,0.0,-1.0
8.0,2.0,1.0,10.0,37.0,0.0,6.0,4.0,6.0,0.35714285700000004,276.0,1.0,0.0,0.8235294120000001,0.375,1.0,1.0,33.25,6.0,1.625,1.0
3.0,3.0,0.0,8.0,10.0,3.0,6.0,2.0,1.0,2.0,27.0,0.0,0.0,0.9714285709999999,0.666666667,1.0,1.0,8.0,1.0,0.3333,1.0
2.0,1.0,0.0,5.0,10.0,1.0,1.0,4.0,0.0,2.0,82.0,0.0,0.0,0.0,0.5,0.0,0.0,40.0,1.0,0.5,-1.0
4.0,1.0,0.0,3.0,4.0,6.0,1.0,2.0,4.0,2.0,4.0,0.0,0.0,0.0,0.583333333,0.0,0.0,0.0,1.0,1.0,-1.0
11.0,1.0,0.0,11.0,34.0,0.0,2.0,9.0,10.0,0.566666667,210.0,1.0,1.0,0.0,0.272727273,0.0,0.0,17.81818182,3.0,1.0909,1.0
4.0,1.0,0.0,5.0,5.0,0.0,3.0,2.0,3.0,0.666666667,28.0,1.0,2.0,0.0,0.4375,0.0,0.0,5.25,1.0,0.75,-1.0
6.0,1.0,0.0,4.0,22.0,0.0,1.0,3.0,0.0,0.333333333,163.0,1.0,0.0,0.0,0.5,0.0,0.0,25.66666667,5.0,2.3333,-1.0
1.0,1.0,0.0,4.0,1.0,0.0,3.0,1.0,1.0,2.0,1.0,0.0,0.0,0.0,1.0,0.0,0.0,0.0,1.0,1.0,-1.0
7.0,1.0,0.0,17.0,51.0,3.0,0.0,17.0,6.0,0.083333333,282.0,1.0,1.0,0.0,0.303571429,0.0,0.0,39.0,6.0,1.8571,1.0
9.0,1.0,0.0,10.0,20.0,0.0,10.0,0.0,9.0,0.25,294.0,1.0,0.0,0.0,0.311111111,1.0,1.0,31.44444444,7.0,1.8889,-1.0
9.0,1.0,0.0,10.0,9.0,36.0,7.0,4.0,9.0,2.0,9.0,0.0,0.0,0.0,0.314814815,0.0,0.0,0.0,1.0,1.0,-1.0
1.0,1.0,0.0,7.0,1.0,0.0,6.0,1.0,1.0,2.0,1.0,0.0,0.0,0.0,1.0,0.0,0.0,0.0,1.0,1.0,-1.0
2.0,1.0,0.0,5.0,2.0,1.0,5.0,0.0,2.0,2.0,2.0,0.0,0.0,0.0,0.75,0.0,0.0,0.0,1.0,1.0,-1.0
5.0,1.0,0.0,5.0,6.0,2.0,3.0,2.0,4.0,0.75,36.0,1.0,2.0,0.0,0.36,0.0,0.0,5.4,1.0,0.8,-1.0
16.0,1.0,0.0,20.0,55.0,0.0,9.0,14.0,14.0,0.5,453.0,1.0,3.0,0.0,0.198863636,0.0,0.0,27.0625,6.0,1.0625,1.0
1.0,1.0,0.0,8.0,1.0,0.0,7.0,1.0,1.0,2.0,1.0,0.0,0.0,0.0,1.0,0.0,0.0,0.0,1.0,1.0,-1.0
8.0,2.0,0.0,3.0,15.0,4.0,3.0,0.0,5.0,0.428571429,90.0,1.0,0.0,0.41666666700000005,0.425,1.0,1.0,9.875,1.0,0.875,1.0
10.0,1.0,2.0,6.0,14.0,19.0,3.0,4.0,6.0,0.611111111,71.0,1.0,2.0,0.0,0.325,0.0,0.0,5.9,3.0,1.3,-1.0
17.0,1.0,0.0,36.0,95.0,106.0,9.0,28.0,13.0,0.35416666700000005,461.0,1.0,2.0,0.0,0.14479638,0.0,0.0,25.94117647,2.0,1.1176,1.0
20.0,2.0,0.0,14.0,65.0,94.0,3.0,14.0,15.0,0.649122807,327.0,1.0,2.0,0.321428571,0.154545455,1.0,1.0,15.2,3.0,1.15,-1.0
4.0,1.0,0.0,2.0,18.0,0.0,1.0,1.0,4.0,0.222222222,129.0,1.0,1.0,0.0,0.4375,1.0,1.0,30.5,6.0,2.5,-1.0
9.0,2.0,0.0,9.0,17.0,30.0,3.0,7.0,6.0,0.75,55.0,1.0,1.0,0.529411765,0.40740740700000005,1.0,1.0,5.0,1.0,0.8889,-1.0
6.0,1.0,0.0,7.0,6.0,15.0,7.0,1.0,6.0,2.0,6.0,0.0,0.0,0.0,0.583333333,0.0,0.0,0.0,1.0,1.0,-1.0
1.0,5.0,0.0,1.0,2.0,0.0,1.0,0.0,1.0,2.0,5.0,0.0,0.0,1.0,1.0,0.0,0.0,4.0,0.0,0.0,-1.0
13.0,2.0,0.0,12.0,23.0,0.0,9.0,3.0,11.0,0.642857143,271.0,1.0,1.0,0.45,0.256410256,1.0,2.0,19.30769231,2.0,0.9231,-1.0
4.0,2.0,0.0,5.0,11.0,4.0,1.0,4.0,2.0,0.833333333,108.0,1.0,1.0,0.5,0.4,1.0,1.0,25.5,3.0,1.25,1.0
4.0,1.0,4.0,5.0,6.0,6.0,4.0,1.0,1.0,2.0,15.0,0.0,0.0,0.0,0.666666667,0.0,0.0,2.75,1.0,0.75,-1.0
12.0,2.0,0.0,6.0,18.0,54.0,4.0,2.0,8.0,0.924242424,222.0,1.0,1.0,0.23076923100000002,0.3125,1.0,2.0,17.0,5.0,1.3333,1.0
10.0,2.0,0.0,5.0,19.0,5.0,2.0,3.0,8.0,0.740740741,223.0,1.0,0.0,0.3,0.228571429,1.0,2.0,21.0,3.0,1.2,-1.0
5.0,2.0,0.0,8.0,16.0,10.0,4.0,4.0,5.0,2.0,50.0,0.0,0.0,0.5555555560000001,0.5,0.0,0.0,9.0,1.0,0.8,-1.0
12.0,1.0,0.0,8.0,25.0,24.0,6.0,2.0,8.0,0.8636363640000001,319.0,1.0,0.0,0.0,0.214285714,0.0,0.0,25.25,3.0,1.25,1.0
8.0,1.0,0.0,7.0,17.0,0.0,2.0,5.0,7.0,0.571428571,134.0,1.0,2.0,0.0,0.45833333299999995,0.0,0.0,15.375,3.0,1.375,1.0
6.0,1.0,0.0,7.0,22.0,3.0,1.0,6.0,6.0,0.75,111.0,1.0,2.0,0.0,0.333333333,0.0,0.0,16.83333333,1.0,0.8333,1.0
1.0,1.0,0.0,13.0,1.0,0.0,13.0,0.0,1.0,2.0,1.0,0.0,0.0,0.0,1.0,0.0,0.0,0.0,1.0,1.0,-1.0
3.0,1.0,0.0,7.0,10.0,0.0,5.0,2.0,3.0,0.25,83.0,1.0,0.0,0.0,0.666666667,0.0,0.0,26.0,1.0,0.6667,1.0
1.0,1.0,0.0,9.0,1.0,0.0,9.0,0.0,1.0,2.0,1.0,0.0,0.0,0.0,1.0,0.0,0.0,0.0,1.0,1.0,-1.0
5.0,2.0,0.0,5.0,12.0,10.0,1.0,4.0,5.0,2.0,32.0,0.0,0.0,0.5555555560000001,0.5,0.0,0.0,5.4,1.0,0.8,-1.0
2.0,1.0,0.0,9.0,8.0,1.0,2.0,7.0,2.0,2.0,24.0,0.0,0.0,0.0,0.5,0.0,0.0,11.0,1.0,0.5,1.0
0.0,1.0,0.0,2.0,0.0,0.0,2.0,0.0,0.0,2.0,10.0,0.0,0.0,0.0,0.0,0.0,0.0,0.0,0.0,0.0,1.0
7.0,1.0,0.0,12.0,29.0,1.0,7.0,6.0,1.0,0.0,257.0,1.0,1.0,0.0,0.514285714,0.0,0.0,35.57142857,2.0,0.7143,1.0
6.0,1.0,2.0,5.0,13.0,0.0,2.0,3.0,4.0,0.5,107.0,1.0,2.0,0.0,0.45833333299999995,0.0,0.0,16.5,3.0,1.1667,1.0
8.0,2.0,0.0,8.0,19.0,0.0,2.0,6.0,6.0,0.8214285709999999,324.0,1.0,6.0,0.3,0.583333333,1.0,2.0,38.5,4.0,1.375,-1.0
4.0,1.0,0.0,6.0,4.0,6.0,5.0,2.0,4.0,2.0,4.0,0.0,0.0,0.0,0.666666667,0.0,0.0,0.0,1.0,1.0,1.0
7.0,1.0,0.0,8.0,21.0,9.0,2.0,6.0,7.0,0.833333333,207.0,1.0,5.0,0.0,0.571428571,0.0,0.0,27.71428571,2.0,1.0,1.0
0.0,1.0,0.0,0.0,0.0,0.0,0.0,0.0,0.0,2.0,4.0,0.0,0.0,0.0,0.0,0.0,0.0,0.0,0.0,0.0,-1.0
4.0,1.0,0.0,6.0,4.0,6.0,6.0,0.0,4.0,2.0,4.0,0.0,0.0,0.0,1.0,0.0,0.0,0.0,1.0,1.0,-1.0
3.0,1.0,0.0,2.0,21.0,3.0,0.0,2.0,2.0,2.0,112.0,0.0,0.0,0.0,0.333333333,0.0,0.0,36.33333333,4.0,2.3333,-1.0
4.0,1.0,0.0,2.0,24.0,4.0,1.0,1.0,2.0,0.333333333,146.0,1.0,0.0,0.0,0.46666666700000003,0.0,0.0,35.25,3.0,1.25,-1.0
4.0,1.0,0.0,0.0,40.0,6.0,0.0,0.0,2.0,2.0,323.0,0.0,0.0,0.0,0.25,0.0,0.0,79.75,1.0,0.75,-1.0
1.0,3.0,0.0,4.0,2.0,0.0,3.0,1.0,1.0,2.0,13.0,0.0,0.0,1.0,1.0,0.0,0.0,7.0,0.0,0.0,1.0
1.0,1.0,0.0,21.0,1.0,0.0,21.0,1.0,1.0,2.0,1.0,0.0,0.0,0.0,1.0,0.0,0.0,0.0,1.0,1.0,1.0
32.0,3.0,0.0,7.0,64.0,312.0,0.0,7.0,32.0,0.891705069,614.0,0.9285714290000001,0.0,0.617283951,0.265625,1.0,5.0,17.75,1.0,0.9688,1.0
11.0,2.0,0.0,15.0,46.0,25.0,9.0,6.0,11.0,0.957142857,366.0,0.14285714300000002,0.0,0.655172414,0.222222222,1.0,6.0,31.63636364,3.0,1.8182,1.0
4.0,1.0,0.0,1.0,5.0,0.0,1.0,0.0,4.0,1.125,33.0,0.25,0.0,0.0,0.583333333,0.0,0.0,5.25,1.0,0.5,1.0
8.0,2.0,3.0,13.0,24.0,0.0,9.0,4.0,8.0,0.14285714300000002,121.0,1.0,0.0,0.571428571,0.375,1.0,1.0,14.0,5.0,1.25,1.0
9.0,2.0,1.0,6.0,32.0,0.0,2.0,4.0,9.0,0.125,172.0,0.0,0.0,0.533333333,0.351851852,1.0,1.0,18.0,4.0,1.1111,1.0
2.0,1.0,0.0,10.0,20.0,1.0,1.0,9.0,2.0,2.0,166.0,0.0,0.0,0.0,0.625,0.0,0.0,82.0,11.0,5.5,1.0
17.0,2.0,0.0,11.0,48.0,38.0,4.0,8.0,17.0,0.822916667,421.0,0.666666667,1.0,0.542857143,0.27450980399999997,1.0,5.0,23.41176471,3.0,1.1765,1.0
27.0,2.0,0.0,8.0,47.0,149.0,3.0,5.0,27.0,0.860946746,538.0,0.846153846,0.0,0.42222222200000004,0.265432099,1.0,5.0,18.44444444,6.0,1.2593,1.0
15.0,2.0,0.0,6.0,31.0,43.0,1.0,5.0,15.0,0.833333333,229.0,0.666666667,0.0,0.575757576,0.333333333,1.0,5.0,13.86666667,1.0,0.9333,1.0
4.0,1.0,1.0,11.0,27.0,4.0,3.0,8.0,2.0,0.833333333,214.0,1.0,0.0,0.0,0.41666666700000005,0.0,0.0,52.0,10.0,3.0,1.0
3.0,1.0,0.0,5.0,4.0,3.0,4.0,2.0,3.0,2.0,8.0,0.0,0.0,0.0,0.75,0.0,0.0,1.6666666669999999,1.0,0.6667,1.0
15.0,2.0,0.0,7.0,33.0,43.0,1.0,6.0,15.0,0.833333333,258.0,0.666666667,0.0,0.575757576,0.333333333,1.0,5.0,15.8,2.0,1.0,1.0
13.0,2.0,0.0,8.0,29.0,34.0,3.0,5.0,13.0,0.854166667,179.0,0.5,0.0,0.612903226,0.323076923,1.0,5.0,12.46153846,1.0,0.9231,1.0
12.0,2.0,0.0,6.0,47.0,28.0,1.0,5.0,11.0,0.636363636,353.0,1.0,0.0,0.655172414,0.24675324699999998,1.0,6.0,28.16666667,3.0,1.3333,1.0
3.0,3.0,0.0,6.0,4.0,1.0,5.0,1.0,3.0,2.0,22.0,0.0,0.0,0.875,0.5555555560000001,0.0,0.0,6.333333333,2.0,1.3333,1.0
12.0,2.0,0.0,13.0,34.0,32.0,8.0,5.0,11.0,1.0340909090000001,323.0,0.125,0.0,0.6333333329999999,0.35,1.0,5.0,24.58333333,14.0,2.0,1.0
20.0,1.0,14.0,37.0,36.0,164.0,36.0,4.0,18.0,0.842105263,141.0,1.0,0.0,0.0,0.2375,0.0,0.0,5.95,2.0,1.05,1.0
6.0,2.0,2.0,10.0,25.0,3.0,5.0,5.0,6.0,1.04,154.0,0.4,0.0,0.791666667,0.4,1.0,5.0,23.83333333,1.0,0.8333,1.0
2.0,1.0,0.0,22.0,2.0,1.0,22.0,1.0,2.0,2.0,2.0,0.0,0.0,0.0,1.0,0.0,0.0,0.0,1.0,1.0,1.0
10.0,1.0,2.0,14.0,12.0,3.0,13.0,1.0,10.0,0.333333333,69.0,1.0,0.0,0.0,0.34,0.0,0.0,5.8,2.0,1.0,1.0
15.0,3.0,0.0,6.0,37.0,5.0,2.0,4.0,14.0,0.904761905,434.0,1.0,0.0,0.535714286,0.4,1.0,4.0,27.73333333,3.0,1.5333,1.0
12.0,2.0,0.0,17.0,49.0,0.0,10.0,8.0,11.0,0.757575758,269.0,0.333333333,0.0,0.6333333329999999,0.27777777800000003,1.0,5.0,21.16666667,3.0,1.25,1.0
11.0,2.0,0.0,7.0,35.0,11.0,1.0,6.0,10.0,0.85,242.0,0.5,0.0,0.6785714290000001,0.38,1.0,5.0,20.63636364,2.0,0.9091,1.0
5.0,3.0,0.0,4.0,6.0,0.0,3.0,1.0,5.0,2.0,35.0,0.0,0.0,0.7777777779999999,0.46666666700000003,0.0,0.0,6.0,1.0,0.8,1.0
11.0,3.0,0.0,9.0,33.0,0.0,3.0,6.0,11.0,0.916666667,241.0,0.5,0.0,0.833333333,0.303030303,1.0,4.0,20.36363636,1.0,0.9091,1.0
15.0,2.0,0.0,7.0,32.0,43.0,1.0,6.0,15.0,0.833333333,253.0,0.666666667,0.0,0.575757576,0.333333333,1.0,5.0,15.46666667,2.0,1.0,1.0
33.0,2.0,0.0,9.0,63.0,326.0,2.0,7.0,33.0,0.9402173909999999,684.0,0.565217391,1.0,0.37254902,0.20075757600000002,1.0,5.0,19.03030303,7.0,1.3030000000000002,1.0
7.0,1.0,0.0,6.0,16.0,9.0,5.0,1.0,3.0,1.164242424,1460.0,0.0036363640000000004,0.0,0.0,0.19047619,0.0,0.0,168.28571430000002,2.0,1.2857,1.0
9.0,2.0,0.0,11.0,27.0,6.0,6.0,5.0,9.0,0.875,180.0,0.333333333,0.0,0.703703704,0.355555556,1.0,5.0,18.66666667,2.0,1.1111,1.0
9.0,1.0,0.0,8.0,45.0,36.0,1.0,8.0,5.0,2.0,3581.0,0.0,0.0,0.0,0.296296296,0.0,0.0,396.8888889,3.0,1.3333,1.0
