15.0,1.0,0.0,3.0,21.0,0.0,1.0,2.0,15.0,0.628571429,158.0,1.0,2.0,0.0,0.311111111,0.0,0.0,9.2,2.0,0.8667,1.0
2.0,1.0,0.0,2.0,2.0,1.0,1.0,1.0,2.0,2.0,2.0,0.0,0.0,0.0,0.666666667,0.0,0.0,0.0,1.0,1.0,1.0
22.0,1.0,1.0,28.0,42.0,0.0,21.0,9.0,21.0,0.734693878,477.0,0.28571428600000004,2.0,0.0,0.365079365,0.0,0.0,20.36363636,3.0,1.0,1.0
18.0,1.0,0.0,63.0,65.0,81.0,49.0,14.0,17.0,0.9509803920000001,560.0,0.25,2.0,0.0,0.222222222,0.0,0.0,29.44444444,2.0,0.8889,1.0
10.0,1.0,0.0,5.0,21.0,45.0,0.0,5.0,10.0,2.0,116.0,0.0,0.0,0.0,0.5,0.0,0.0,10.6,1.0,0.9,1.0
2.0,5.0,0.0,4.0,4.0,1.0,3.0,1.0,2.0,2.0,12.0,0.0,0.0,1.0,0.833333333,0.0,0.0,4.5,0.0,0.0,1.0
13.0,1.0,0.0,8.0,46.0,42.0,4.0,5.0,13.0,0.625,339.0,0.5,0.0,0.0,0.340659341,0.0,0.0,24.92307692,5.0,1.8462,1.0
4.0,1.0,0.0,5.0,4.0,6.0,5.0,1.0,4.0,2.0,4.0,0.0,0.0,0.0,0.55,0.0,0.0,0.0,1.0,1.0,1.0
31.0,1.0,6.0,102.0,56.0,435.0,94.0,9.0,30.0,0.916666667,276.0,0.5,1.0,0.0,0.190615836,0.0,0.0,7.838709677000001,3.0,1.2903,1.0
61.0,1.0,0.0,11.0,77.0,714.0,7.0,4.0,60.0,0.629166667,1486.0,0.875,0.0,0.0,0.219262295,0.0,0.0,23.229508199999998,9.0,2.2459,1.0
1.0,4.0,0.0,0.0,2.0,0.0,0.0,0.0,1.0,2.0,5.0,0.0,0.0,1.0,1.0,0.0,0.0,3.0,0.0,0.0,1.0
1.0,1.0,0.0,3.0,1.0,0.0,1.0,2.0,1.0,2.0,1.0,0.0,0.0,0.0,1.0,0.0,0.0,0.0,1.0,1.0,1.0
56.0,2.0,1.0,22.0,84.0,714.0,15.0,7.0,56.0,0.7792207790000001,840.0,0.7142857140000001,1.0,0.363636364,0.16071428599999998,1.0,4.0,13.875,9.0,1.5714,1.0
12.0,1.0,0.0,5.0,23.0,54.0,0.0,5.0,12.0,0.454545455,139.0,1.0,1.0,0.0,0.533333333,0.0,0.0,10.5,1.0,0.8333,1.0
13.0,1.0,5.0,43.0,14.0,78.0,40.0,13.0,13.0,2.0,40.0,0.0,0.0,0.0,0.203296703,0.0,0.0,2.076923077,1.0,0.9231,1.0
82.0,2.0,0.0,172.0,159.0,2501.0,156.0,22.0,79.0,0.939221273,1159.0,0.807692308,13.0,0.191919192,0.069844789,0.0,0.0,12.81707317,5.0,1.3171,1.0
2.0,1.0,0.0,55.0,2.0,1.0,54.0,1.0,2.0,2.0,2.0,0.0,0.0,0.0,0.75,0.0,0.0,0.0,1.0,1.0,1.0
1.0,1.0,0.0,1.0,2.0,0.0,1.0,0.0,1.0,2.0,12.0,0.0,0.0,0.0,1.0,0.0,0.0,9.0,0.0,0.0,1.0
5.0,1.0,0.0,44.0,5.0,10.0,44.0,0.0,5.0,2.0,5.0,0.0,0.0,0.0,0.6,0.0,0.0,0.0,1.0,1.0,1.0
14.0,4.0,1.0,4.0,31.0,21.0,2.0,2.0,12.0,0.807692308,290.0,0.25,0.0,0.75,0.258928571,2.0,4.0,19.42857143,7.0,1.9286,1.0
1.0,1.0,0.0,3.0,1.0,0.0,1.0,2.0,1.0,2.0,1.0,0.0,0.0,0.0,1.0,0.0,0.0,0.0,1.0,1.0,1.0
4.0,3.0,2.0,18.0,15.0,6.0,18.0,0.0,3.0,1.333333333,2395.0,0.0,0.0,0.926829268,0.333333333,0.0,0.0,560.5,2.0,1.0,1.0
4.0,3.0,0.0,1.0,15.0,6.0,0.0,1.0,3.0,1.333333333,2120.0,0.0,0.0,0.926829268,0.333333333,0.0,0.0,495.5,2.0,1.0,1.0
4.0,3.0,0.0,1.0,15.0,6.0,0.0,1.0,3.0,1.333333333,2120.0,0.0,0.0,0.926829268,0.333333333,0.0,0.0,495.5,2.0,1.0,1.0
4.0,3.0,0.0,1.0,15.0,6.0,0.0,1.0,3.0,1.333333333,2120.0,0.0,0.0,0.926829268,0.333333333,0.0,0.0,495.5,2.0,1.0,1.0
4.0,3.0,0.0,1.0,15.0,6.0,0.0,1.0,3.0,1.333333333,2120.0,0.0,0.0,0.926829268,0.333333333,0.0,0.0,495.5,2.0,1.0,1.0
4.0,3.0,0.0,1.0,15.0,6.0,0.0,1.0,3.0,1.333333333,2120.0,0.0,0.0,0.926829268,0.333333333,0.0,0.0,495.5,2.0,1.0,1.0
4.0,3.0,0.0,1.0,15.0,6.0,0.0,1.0,3.0,1.333333333,2120.0,0.0,0.0,0.926829268,0.333333333,0.0,0.0,495.5,2.0,1.0,1.0
1.0,4.0,0.0,1.0,2.0,0.0,0.0,1.0,1.0,2.0,4.0,0.0,0.0,1.0,1.0,0.0,0.0,3.0,0.0,0.0,1.0
4.0,3.0,0.0,1.0,15.0,6.0,0.0,1.0,3.0,1.333333333,2120.0,0.0,0.0,0.926829268,0.333333333,0.0,0.0,495.5,2.0,1.0,1.0
4.0,3.0,0.0,1.0,15.0,6.0,0.0,1.0,3.0,1.333333333,2120.0,0.0,0.0,0.926829268,0.333333333,0.0,0.0,495.5,2.0,1.0,1.0
4.0,3.0,0.0,1.0,15.0,6.0,0.0,1.0,3.0,1.333333333,2120.0,0.0,0.0,0.926829268,0.333333333,0.0,0.0,495.5,2.0,1.0,1.0
5.0,2.0,1.0,6.0,13.0,4.0,5.0,1.0,4.0,0.875,115.0,1.0,0.0,0.666666667,0.5,0.0,0.0,21.6,7.0,2.6,1.0
4.0,3.0,0.0,1.0,15.0,6.0,0.0,1.0,3.0,1.333333333,2120.0,0.0,0.0,0.926829268,0.333333333,0.0,0.0,495.5,2.0,1.0,1.0
4.0,3.0,0.0,1.0,15.0,6.0,0.0,1.0,3.0,1.333333333,2120.0,0.0,0.0,0.926829268,0.333333333,0.0,0.0,495.5,2.0,1.0,1.0
4.0,3.0,0.0,1.0,15.0,6.0,0.0,1.0,3.0,1.333333333,2120.0,0.0,0.0,0.926829268,0.333333333,0.0,0.0,495.5,2.0,1.0,1.0
2.0,4.0,0.0,1.0,3.0,1.0,0.0,1.0,2.0,2.0,1867.0,0.0,0.0,0.976190476,1.0,0.0,0.0,926.0,1.0,0.5,1.0
4.0,3.0,0.0,1.0,15.0,6.0,0.0,1.0,3.0,1.333333333,2120.0,0.0,0.0,0.926829268,0.333333333,0.0,0.0,495.5,2.0,1.0,1.0
4.0,3.0,0.0,1.0,15.0,6.0,0.0,1.0,3.0,1.333333333,2120.0,0.0,0.0,0.926829268,0.333333333,0.0,0.0,495.5,2.0,1.0,1.0
4.0,3.0,0.0,1.0,15.0,6.0,0.0,1.0,3.0,1.333333333,2120.0,0.0,0.0,0.926829268,0.333333333,0.0,0.0,495.5,2.0,1.0,1.0
4.0,3.0,0.0,1.0,15.0,6.0,0.0,1.0,3.0,1.333333333,2120.0,0.0,0.0,0.926829268,0.333333333,0.0,0.0,495.5,2.0,1.0,1.0
17.0,1.0,0.0,5.0,43.0,54.0,1.0,4.0,10.0,0.7410714290000001,647.0,1.0,2.0,0.0,0.218487395,0.0,0.0,36.64705882,5.0,1.5294,1.0
5.0,1.0,0.0,6.0,16.0,4.0,1.0,6.0,5.0,0.25,84.0,1.0,0.0,0.0,0.4,0.0,0.0,15.6,2.0,0.8,1.0
39.0,1.0,0.0,1.0,55.0,467.0,1.0,0.0,38.0,0.7763157890000001,163.0,1.0,0.0,0.0,0.256410256,0.0,0.0,3.1282051280000003,1.0,0.9744,1.0
1.0,4.0,0.0,2.0,2.0,0.0,2.0,0.0,1.0,2.0,6.0,0.0,0.0,1.0,1.0,0.0,0.0,5.0,0.0,0.0,-1.0
2.0,2.0,0.0,2.0,4.0,1.0,1.0,1.0,2.0,2.0,10.0,0.0,0.0,0.8,0.666666667,0.0,0.0,4.0,1.0,0.5,1.0
2.0,1.0,0.0,7.0,16.0,0.0,1.0,6.0,1.0,0.0,134.0,1.0,1.0,0.0,0.583333333,0.0,0.0,65.0,1.0,0.5,1.0
31.0,3.0,2.0,23.0,79.0,239.0,12.0,13.0,26.0,0.783333333,1095.0,0.333333333,2.0,0.641975309,0.180107527,2.0,9.0,34.12903226,17.0,3.0645,1.0
3.0,4.0,0.0,8.0,16.0,3.0,1.0,8.0,3.0,1.5,177.0,0.0,0.0,0.975903614,0.583333333,2.0,12.0,57.66666667,1.0,0.6667,1.0
1.0,1.0,0.0,1.0,1.0,0.0,0.0,1.0,1.0,2.0,1.0,0.0,0.0,0.0,1.0,0.0,0.0,0.0,1.0,1.0,1.0
7.0,4.0,0.0,12.0,18.0,0.0,3.0,10.0,6.0,0.666666667,157.0,0.0,1.0,0.931034483,0.367346939,3.0,16.0,21.14285714,2.0,1.0,1.0
9.0,2.0,0.0,12.0,20.0,0.0,4.0,10.0,8.0,0.625,213.0,0.5,1.0,0.7894736840000001,0.19753086399999997,1.0,7.0,22.44444444,7.0,2.4444,1.0
4.0,1.0,0.0,4.0,13.0,0.0,2.0,2.0,4.0,0.5555555560000001,77.0,0.666666667,1.0,0.0,0.75,0.0,0.0,17.5,2.0,1.0,1.0
4.0,7.0,0.0,9.0,17.0,0.0,1.0,8.0,4.0,0.666666667,145.0,0.5,0.0,0.977941176,0.5,3.0,4.0,34.75,9.0,3.5,1.0
9.0,5.0,0.0,11.0,43.0,0.0,2.0,9.0,8.0,0.71875,420.0,0.75,1.0,0.946969697,0.27777777800000003,4.0,12.0,45.22222222,15.0,3.0,1.0
51.0,1.0,0.0,25.0,114.0,1275.0,11.0,23.0,40.0,1.02,2140.0,0.0,0.0,0.0,0.181372549,0.0,0.0,40.45098039,18.0,3.3333,1.0
9.0,5.0,0.0,7.0,26.0,28.0,1.0,6.0,5.0,0.8125,202.0,0.5,1.0,0.927927928,0.41666666700000005,2.0,8.0,21.22222222,7.0,2.4444,1.0
1.0,1.0,0.0,8.0,1.0,0.0,8.0,0.0,1.0,2.0,1.0,0.0,0.0,0.0,1.0,0.0,0.0,0.0,1.0,1.0,1.0
6.0,5.0,0.0,11.0,25.0,3.0,1.0,11.0,4.0,0.84,253.0,0.8,2.0,0.961538462,0.4,1.0,6.0,40.33333333,11.0,3.3333,1.0
4.0,2.0,0.0,17.0,7.0,0.0,1.0,16.0,4.0,0.166666667,93.0,1.0,0.0,0.8,0.4,0.0,0.0,21.75,12.0,4.0,1.0
16.0,5.0,0.0,22.0,55.0,36.0,4.0,21.0,13.0,0.7333333329999999,592.0,0.666666667,2.0,0.8992805759999999,0.2,2.0,13.0,35.8125,9.0,2.5,1.0
14.0,6.0,0.0,11.0,32.0,0.0,1.0,11.0,11.0,0.8,164.0,0.8,2.0,0.914285714,0.234693878,4.0,8.0,10.35714286,3.0,1.2143,1.0
17.0,5.0,1.0,17.0,41.0,0.0,8.0,11.0,16.0,0.645833333,282.0,0.666666667,2.0,0.892857143,0.165775401,2.0,9.0,15.41176471,7.0,1.8824,1.0
52.0,4.0,8.0,37.0,84.0,1016.0,20.0,20.0,45.0,0.864253394,666.0,0.7692307690000001,4.0,0.616,0.145104895,2.0,9.0,11.55769231,12.0,1.4231,1.0
7.0,5.0,2.0,8.0,24.0,21.0,2.0,7.0,2.0,1.166666667,155.0,0.0,0.0,0.9765625,0.37142857100000004,2.0,4.0,21.0,12.0,2.0,1.0
18.0,5.0,0.0,19.0,48.0,13.0,5.0,15.0,16.0,0.8,245.0,0.8,2.0,0.8583333329999999,0.185185185,4.0,14.0,12.33333333,3.0,1.3889,1.0
27.0,4.0,2.0,21.0,53.0,257.0,8.0,15.0,23.0,0.8290598290000001,456.0,0.5555555560000001,4.0,0.7475728159999999,0.13888888900000002,1.0,4.0,15.55555556,5.0,1.6667,1.0
12.0,1.0,0.0,1.0,12.0,66.0,1.0,0.0,12.0,2.0,12.0,0.0,0.0,0.0,0.444444444,0.0,0.0,0.0,1.0,1.0,1.0
1.0,3.0,0.0,4.0,2.0,0.0,2.0,2.0,1.0,2.0,7.0,0.0,0.0,1.0,1.0,0.0,0.0,5.0,0.0,0.0,1.0
7.0,6.0,5.0,12.0,15.0,1.0,7.0,6.0,5.0,0.75,76.0,0.5,1.0,0.962406015,0.342857143,2.0,5.0,9.571428571,2.0,1.0,1.0
6.0,7.0,1.0,8.0,16.0,0.0,3.0,6.0,4.0,0.7,95.0,0.5,0.0,0.97080292,0.4,4.0,10.0,14.5,3.0,1.1667,1.0
14.0,7.0,0.0,12.0,41.0,7.0,3.0,10.0,10.0,0.58974359,333.0,0.666666667,1.0,0.917241379,0.27380952399999997,4.0,18.0,22.57142857,12.0,2.7143,1.0
4.0,5.0,0.0,5.0,10.0,6.0,1.0,4.0,3.0,1.333333333,68.0,0.0,0.0,0.9765625,0.4375,1.0,6.0,15.75,4.0,1.5,1.0
16.0,5.0,0.0,16.0,44.0,8.0,4.0,13.0,14.0,0.813333333,261.0,0.8,2.0,0.8992805759999999,0.18125,3.0,10.0,15.0,4.0,1.4375,1.0
5.0,5.0,0.0,8.0,8.0,10.0,3.0,5.0,4.0,1.25,58.0,0.0,0.0,0.9765625,0.45,1.0,4.0,10.4,4.0,1.2,1.0
5.0,6.0,0.0,5.0,13.0,0.0,1.0,5.0,3.0,0.75,130.0,0.5,0.0,0.9790209790000001,0.36666666700000006,1.0,1.0,24.6,17.0,4.0,1.0
37.0,3.0,1.0,9.0,69.0,180.0,1.0,8.0,34.0,0.7,725.0,0.8,2.0,0.682692308,0.171171171,2.0,9.0,18.45945946,12.0,2.2973,1.0
2.0,1.0,0.0,7.0,2.0,1.0,7.0,1.0,2.0,2.0,2.0,0.0,0.0,0.0,1.0,0.0,0.0,0.0,1.0,1.0,1.0
3.0,7.0,0.0,4.0,6.0,3.0,1.0,3.0,1.0,1.5,32.0,0.0,0.0,0.985185185,0.5555555560000001,3.0,5.0,9.333333332999999,2.0,1.0,1.0
10.0,4.0,0.0,9.0,19.0,43.0,1.0,8.0,10.0,1.111111111,88.0,0.0,0.0,0.905263158,0.28,3.0,22.0,7.7,1.0,0.9,1.0
31.0,4.0,0.0,10.0,59.0,117.0,1.0,10.0,29.0,0.606666667,831.0,0.4,0.0,0.802721088,0.150537634,4.0,20.0,25.64516129,14.0,2.9355,1.0
18.0,3.0,1.0,21.0,43.0,55.0,5.0,16.0,17.0,0.623529412,276.0,0.8,2.0,0.825581395,0.201388889,2.0,23.0,14.05555556,9.0,1.6111,1.0
2.0,4.0,0.0,4.0,5.0,0.0,2.0,3.0,2.0,1.0,26.0,0.5,0.0,0.9873417720000001,0.666666667,2.0,3.0,11.0,2.0,1.0,1.0
49.0,3.0,2.0,42.0,100.0,1176.0,33.0,12.0,46.0,1.010416667,641.0,0.0,1.0,0.606837607,0.12222222199999999,3.0,21.0,12.04081633,16.0,1.6735,1.0
42.0,2.0,7.0,147.0,68.0,819.0,134.0,15.0,40.0,0.96097561,466.0,0.1,0.0,0.428571429,0.11224489800000001,2.0,8.0,9.857142857000001,4.0,1.1667,1.0
8.0,5.0,0.0,4.0,10.0,28.0,1.0,3.0,8.0,1.142857143,32.0,0.0,0.0,0.951048951,0.41666666700000005,3.0,19.0,2.875,2.0,1.0,1.0
33.0,4.0,3.0,46.0,76.0,472.0,27.0,20.0,31.0,0.9776785709999999,611.0,0.0,6.0,0.8014705879999999,0.173611111,3.0,30.0,17.303030300000003,2.0,1.1515,1.0
13.0,3.0,0.0,40.0,36.0,22.0,36.0,5.0,12.0,0.75,331.0,0.0,0.0,0.8658536590000001,0.182692308,2.0,22.0,24.30769231,13.0,2.4615,1.0
7.0,2.0,0.0,8.0,11.0,19.0,4.0,6.0,6.0,0.833333333,39.0,1.0,1.0,0.444444444,0.333333333,0.0,0.0,4.428571429,1.0,0.7143,1.0
7.0,1.0,0.0,3.0,9.0,0.0,2.0,2.0,5.0,0.611111111,61.0,1.0,2.0,0.0,0.35714285700000004,1.0,1.0,7.285714286,3.0,1.1429,1.0
12.0,4.0,0.0,4.0,22.0,4.0,1.0,3.0,11.0,0.636363636,149.0,0.25,0.0,0.921875,0.25,3.0,15.0,11.08333333,2.0,1.0,1.0
7.0,5.0,0.0,5.0,18.0,0.0,1.0,4.0,7.0,0.583333333,116.0,0.0,0.0,0.9784172659999999,0.28571428600000004,3.0,14.0,15.28571429,1.0,0.4286,1.0
3.0,1.0,0.0,13.0,19.0,3.0,1.0,13.0,3.0,2.0,207.0,0.0,0.0,0.0,0.444444444,0.0,0.0,68.0,11.0,5.3333,1.0
10.0,3.0,1.0,26.0,18.0,3.0,24.0,3.0,9.0,0.8611111109999999,99.0,0.25,2.0,0.91025641,0.333333333,2.0,22.0,8.5,3.0,1.2,1.0
11.0,2.0,4.0,11.0,20.0,0.0,6.0,6.0,11.0,0.65,89.0,0.5,1.0,0.75,0.22727272699999998,1.0,7.0,6.909090909,3.0,1.3636,1.0
3.0,3.0,0.0,7.0,7.0,3.0,2.0,5.0,3.0,1.5,26.0,0.0,0.0,0.953488372,0.5555555560000001,1.0,1.0,7.333333333,1.0,0.6667,1.0
3.0,3.0,0.0,6.0,7.0,3.0,1.0,5.0,3.0,1.5,20.0,0.0,0.0,0.9523809520000001,0.5555555560000001,1.0,1.0,5.333333333,1.0,0.6667,1.0
12.0,2.0,14.0,22.0,23.0,0.0,17.0,7.0,12.0,0.606060606,150.0,0.666666667,2.0,0.731707317,0.21875,1.0,7.0,11.25,5.0,1.5833,1.0
2.0,3.0,0.0,4.0,4.0,1.0,1.0,3.0,2.0,2.0,14.0,0.0,0.0,0.976190476,0.75,1.0,1.0,5.5,1.0,0.5,1.0
2.0,3.0,0.0,9.0,11.0,1.0,1.0,8.0,2.0,2.0,40.0,0.0,0.0,0.97826087,0.666666667,1.0,1.0,18.5,1.0,0.5,1.0
2.0,3.0,0.0,4.0,4.0,1.0,1.0,3.0,2.0,2.0,14.0,0.0,0.0,0.976190476,0.75,1.0,1.0,5.5,1.0,0.5,1.0
3.0,3.0,0.0,7.0,7.0,3.0,2.0,5.0,3.0,1.5,26.0,0.0,0.0,0.953488372,0.5555555560000001,1.0,1.0,7.333333333,1.0,0.6667,1.0
2.0,3.0,0.0,5.0,4.0,1.0,1.0,4.0,2.0,2.0,10.0,0.0,0.0,0.975609756,0.75,1.0,1.0,3.5,1.0,0.5,1.0
16.0,2.0,1.0,26.0,49.0,50.0,8.0,19.0,16.0,0.8,320.0,0.666666667,1.0,0.666666667,0.1875,2.0,10.0,18.625,10.0,2.3125,1.0
3.0,3.0,0.0,7.0,8.0,3.0,2.0,5.0,3.0,1.5,24.0,0.0,0.0,0.9523809520000001,0.5555555560000001,1.0,1.0,6.666666667,1.0,0.6667,1.0
2.0,3.0,0.0,4.0,5.0,1.0,1.0,3.0,2.0,2.0,17.0,0.0,0.0,0.976190476,0.75,1.0,1.0,7.0,1.0,0.5,1.0
3.0,3.0,0.0,6.0,7.0,1.0,1.0,5.0,3.0,1.5,43.0,0.0,0.0,0.953488372,0.833333333,1.0,6.0,13.0,1.0,0.6667,1.0
2.0,3.0,0.0,4.0,4.0,1.0,1.0,3.0,2.0,2.0,14.0,0.0,0.0,0.976190476,0.75,1.0,1.0,5.5,1.0,0.5,1.0
3.0,3.0,0.0,6.0,7.0,3.0,1.0,5.0,3.0,1.5,41.0,0.0,0.0,0.953488372,0.5555555560000001,2.0,2.0,12.33333333,1.0,0.6667,1.0
3.0,3.0,0.0,7.0,7.0,3.0,2.0,5.0,3.0,1.5,26.0,0.0,0.0,0.953488372,0.5555555560000001,1.0,1.0,7.333333333,1.0,0.6667,1.0
3.0,3.0,0.0,7.0,7.0,3.0,2.0,5.0,3.0,1.5,26.0,0.0,0.0,0.953488372,0.5555555560000001,1.0,1.0,7.333333333,1.0,0.6667,1.0
3.0,3.0,0.0,6.0,7.0,3.0,1.0,5.0,3.0,1.5,25.0,0.0,0.0,0.9523809520000001,0.5555555560000001,1.0,1.0,7.0,1.0,0.6667,1.0
2.0,3.0,0.0,4.0,4.0,1.0,1.0,3.0,2.0,2.0,14.0,0.0,0.0,0.976190476,0.75,1.0,1.0,5.5,1.0,0.5,1.0
3.0,3.0,0.0,7.0,7.0,3.0,2.0,5.0,3.0,1.5,26.0,0.0,0.0,0.953488372,0.5555555560000001,1.0,1.0,7.333333333,1.0,0.6667,1.0
2.0,3.0,0.0,4.0,4.0,1.0,1.0,3.0,2.0,2.0,14.0,0.0,0.0,0.976190476,0.75,1.0,1.0,5.5,1.0,0.5,1.0
3.0,3.0,0.0,6.0,7.0,1.0,1.0,5.0,3.0,1.5,43.0,0.0,0.0,0.953488372,0.833333333,1.0,6.0,13.0,1.0,0.6667,1.0
5.0,1.0,0.0,3.0,18.0,8.0,2.0,1.0,5.0,1.0,107.0,0.5,0.0,0.0,0.45,0.0,0.0,20.0,12.0,3.0,1.0
6.0,1.0,0.0,8.0,25.0,0.0,2.0,6.0,6.0,0.3,275.0,1.0,0.0,0.0,0.380952381,0.0,0.0,44.5,1.0,0.6667,1.0
20.0,1.0,0.0,11.0,55.0,106.0,1.0,10.0,12.0,0.7236842109999999,589.0,1.0,1.0,0.0,0.21578947399999998,0.0,0.0,28.05,6.0,1.3,1.0
2.0,2.0,0.0,7.0,12.0,0.0,2.0,5.0,2.0,0.0,59.0,1.0,0.0,0.954545455,0.625,0.0,0.0,28.0,1.0,0.5,1.0
14.0,1.0,0.0,10.0,44.0,67.0,1.0,9.0,6.0,0.548076923,384.0,0.625,2.0,0.0,0.26153846199999997,0.0,0.0,25.85714286,6.0,1.1429,1.0
7.0,2.0,0.0,2.0,18.0,1.0,0.0,2.0,7.0,0.75,215.0,1.0,0.0,0.6,0.37142857100000004,1.0,3.0,29.14285714,4.0,1.5714,1.0
4.0,7.0,0.0,7.0,13.0,6.0,0.0,7.0,3.0,1.333333333,82.0,0.0,0.0,0.96,0.5,3.0,8.0,19.25,1.0,0.75,1.0
2.0,6.0,0.0,5.0,12.0,1.0,0.0,5.0,2.0,2.0,71.0,0.0,0.0,0.984615385,0.75,1.0,6.0,34.0,1.0,0.5,1.0
4.0,6.0,0.0,8.0,16.0,6.0,0.0,8.0,3.0,1.333333333,114.0,0.0,0.0,0.9552238809999999,0.5,2.0,8.0,27.25,1.0,0.75,1.0
2.0,4.0,0.0,5.0,7.0,1.0,0.0,5.0,2.0,2.0,44.0,0.0,0.0,0.9795918370000001,0.75,1.0,6.0,20.5,1.0,0.5,1.0
2.0,5.0,0.0,5.0,8.0,1.0,0.0,5.0,2.0,2.0,35.0,0.0,0.0,0.98245614,0.75,1.0,6.0,16.0,1.0,0.5,1.0
2.0,4.0,0.0,8.0,11.0,1.0,0.0,8.0,2.0,2.0,45.0,0.0,0.0,0.9795918370000001,0.75,1.0,6.0,21.0,1.0,0.5,1.0
3.0,4.0,0.0,9.0,26.0,3.0,0.0,9.0,3.0,1.5,188.0,0.0,0.0,0.96,0.5,2.0,8.0,61.0,1.0,0.6667,1.0
3.0,5.0,0.0,6.0,11.0,3.0,0.0,6.0,3.0,1.5,46.0,0.0,0.0,0.9649122809999999,0.666666667,2.0,7.0,14.0,1.0,0.6667,1.0
3.0,3.0,0.0,4.0,4.0,3.0,0.0,4.0,3.0,1.5,10.0,0.0,0.0,0.95,0.5,1.0,6.0,2.0,1.0,0.6667,1.0
2.0,5.0,0.0,5.0,7.0,1.0,0.0,5.0,2.0,2.0,37.0,0.0,0.0,0.98245614,0.75,1.0,6.0,17.0,1.0,0.5,1.0
1.0,3.0,0.0,12.0,2.0,0.0,12.0,0.0,1.0,2.0,6.0,0.0,0.0,1.0,1.0,0.0,0.0,4.0,0.0,0.0,1.0
2.0,4.0,0.0,6.0,8.0,1.0,0.0,6.0,2.0,2.0,24.0,0.0,0.0,0.9795918370000001,0.75,1.0,6.0,10.5,1.0,0.5,1.0
2.0,5.0,0.0,4.0,10.0,1.0,0.0,4.0,2.0,2.0,29.0,0.0,0.0,0.982142857,0.75,2.0,7.0,13.0,1.0,0.5,1.0
3.0,3.0,0.0,11.0,12.0,3.0,1.0,10.0,3.0,1.5,47.0,0.0,0.0,0.95,0.5,1.0,6.0,14.33333333,1.0,0.6667,1.0
9.0,2.0,0.0,9.0,23.0,36.0,9.0,9.0,0.0,2.0,82.0,0.0,0.0,0.529411765,0.444444444,0.0,0.0,8.111111111,1.0,0.8889,1.0
14.0,3.0,0.0,24.0,39.0,23.0,13.0,13.0,13.0,0.8,256.0,0.0,0.0,0.745098039,0.198412698,2.0,9.0,16.92857143,3.0,1.5,1.0
9.0,6.0,1.0,9.0,24.0,6.0,2.0,8.0,8.0,0.75,219.0,0.0,1.0,0.8888888890000001,0.355555556,5.0,22.0,23.11111111,7.0,2.3333,1.0
2.0,5.0,0.0,5.0,6.0,1.0,0.0,5.0,2.0,2.0,15.0,0.0,0.0,0.982142857,0.75,2.0,7.0,6.0,1.0,0.5,1.0
2.0,5.0,0.0,4.0,5.0,1.0,0.0,4.0,2.0,2.0,13.0,0.0,0.0,0.982142857,0.75,2.0,7.0,5.0,1.0,0.5,1.0
3.0,3.0,0.0,4.0,4.0,3.0,0.0,4.0,3.0,1.5,10.0,0.0,0.0,0.95,0.5,1.0,6.0,2.0,1.0,0.6667,1.0
2.0,4.0,0.0,5.0,7.0,1.0,0.0,5.0,2.0,2.0,16.0,0.0,0.0,0.9795918370000001,0.75,1.0,6.0,6.5,1.0,0.5,1.0
9.0,5.0,4.0,12.0,23.0,6.0,5.0,8.0,8.0,0.75,125.0,0.0,1.0,0.875,0.355555556,4.0,15.0,12.66666667,6.0,1.7778,1.0
9.0,4.0,7.0,15.0,23.0,6.0,8.0,8.0,8.0,0.75,124.0,0.0,1.0,0.857142857,0.355555556,3.0,9.0,12.55555556,6.0,1.7778,1.0
2.0,5.0,0.0,5.0,9.0,1.0,0.0,5.0,2.0,2.0,44.0,0.0,0.0,0.982142857,0.75,2.0,7.0,20.5,1.0,0.5,1.0
13.0,1.0,0.0,3.0,49.0,64.0,1.0,2.0,0.0,0.916666667,699.0,0.833333333,0.0,0.0,0.3125,0.0,0.0,52.30769231,16.0,2.4615,1.0
11.0,1.0,1.0,3.0,20.0,53.0,3.0,1.0,0.0,0.9,90.0,1.0,0.0,0.0,0.4,0.0,0.0,7.090909091,2.0,0.9091,1.0
2.0,5.0,0.0,5.0,9.0,1.0,0.0,5.0,2.0,2.0,43.0,0.0,0.0,0.982142857,0.75,3.0,8.0,20.0,1.0,0.5,1.0
2.0,4.0,0.0,10.0,17.0,1.0,0.0,10.0,2.0,2.0,88.0,0.0,0.0,0.9795918370000001,0.75,2.0,7.0,42.5,1.0,0.5,1.0
2.0,5.0,0.0,5.0,4.0,1.0,0.0,5.0,2.0,2.0,11.0,0.0,0.0,0.982142857,0.75,2.0,7.0,4.0,1.0,0.5,1.0
2.0,5.0,0.0,5.0,11.0,1.0,0.0,5.0,2.0,2.0,66.0,0.0,0.0,0.982142857,0.75,3.0,8.0,31.5,1.0,0.5,1.0
2.0,4.0,0.0,5.0,5.0,1.0,0.0,5.0,2.0,2.0,16.0,0.0,0.0,0.9795918370000001,0.75,1.0,6.0,6.5,1.0,0.5,1.0
2.0,4.0,0.0,6.0,15.0,1.0,0.0,6.0,2.0,2.0,74.0,0.0,0.0,0.9795918370000001,0.75,1.0,6.0,35.5,1.0,0.5,1.0
3.0,4.0,0.0,11.0,27.0,3.0,0.0,11.0,2.0,1.5,170.0,0.0,0.0,0.96,0.47619047600000003,1.0,7.0,55.33333333,8.0,3.0,1.0
5.0,3.0,0.0,8.0,12.0,8.0,1.0,7.0,5.0,0.875,60.0,0.5,0.0,0.904761905,0.4,1.0,6.0,10.6,2.0,1.0,1.0
5.0,3.0,0.0,9.0,17.0,8.0,1.0,8.0,5.0,0.875,93.0,0.5,0.0,0.904761905,0.4,1.0,6.0,17.2,8.0,2.4,1.0
11.0,3.0,15.0,22.0,20.0,0.0,15.0,7.0,10.0,0.7,114.0,0.0,1.0,0.791666667,0.345454545,2.0,4.0,9.181818182,6.0,1.5455,1.0
2.0,5.0,0.0,6.0,6.0,1.0,0.0,6.0,2.0,2.0,22.0,0.0,0.0,0.98245614,0.75,1.0,6.0,9.5,1.0,0.5,1.0
2.0,4.0,0.0,5.0,5.0,1.0,0.0,5.0,2.0,2.0,16.0,0.0,0.0,0.9795918370000001,0.75,1.0,6.0,6.5,1.0,0.5,1.0
2.0,5.0,0.0,6.0,8.0,1.0,0.0,6.0,2.0,2.0,35.0,0.0,0.0,0.98245614,0.75,1.0,6.0,16.0,1.0,0.5,1.0
9.0,2.0,7.0,19.0,15.0,36.0,13.0,8.0,8.0,1.125,52.0,0.0,0.0,0.7894736840000001,0.28571428600000004,1.0,7.0,4.666666667,2.0,1.1111,1.0
2.0,5.0,0.0,5.0,7.0,1.0,0.0,5.0,2.0,2.0,36.0,0.0,0.0,0.982142857,0.75,2.0,7.0,16.5,1.0,0.5,1.0
8.0,4.0,9.0,18.0,21.0,8.0,9.0,9.0,4.0,1.142857143,111.0,0.0,0.0,0.872727273,0.5,2.0,5.0,12.75,2.0,1.125,1.0
3.0,4.0,0.0,10.0,16.0,0.0,2.0,8.0,3.0,0.75,93.0,0.5,1.0,0.96,0.5555555560000001,2.0,7.0,29.33333333,1.0,0.6667,1.0
2.0,4.0,0.0,6.0,10.0,1.0,0.0,6.0,2.0,2.0,31.0,0.0,0.0,0.9795918370000001,0.75,1.0,6.0,14.0,1.0,0.5,1.0
2.0,4.0,0.0,5.0,7.0,1.0,0.0,5.0,2.0,2.0,16.0,0.0,0.0,0.9795918370000001,0.75,1.0,6.0,6.5,1.0,0.5,1.0
6.0,1.0,0.0,2.0,11.0,7.0,2.0,0.0,1.0,1.172413793,300.0,0.396551724,0.0,0.0,0.5,0.0,0.0,39.33333333,1.0,0.6667,1.0
1.0,1.0,0.0,0.0,2.0,0.0,0.0,0.0,1.0,2.0,4.0,0.0,0.0,0.0,1.0,0.0,0.0,3.0,0.0,0.0,1.0
8.0,1.0,0.0,6.0,22.0,0.0,5.0,1.0,3.0,1.046382189,931.0,0.090909091,0.0,0.0,0.46428571399999996,0.0,0.0,105.75,3.0,1.5,1.0
22.0,1.0,1.0,5.0,38.0,67.0,2.0,3.0,21.0,0.8730158729999999,384.0,0.166666667,2.0,0.0,0.327272727,0.0,0.0,16.18181818,8.0,1.5455,1.0
48.0,2.0,0.0,59.0,113.0,1064.0,22.0,41.0,15.0,0.617021277,1203.0,0.7142857140000001,2.0,0.318181818,0.160392799,1.0,1.0,23.91666667,12.0,1.2083,1.0
59.0,1.0,0.0,14.0,101.0,0.0,3.0,12.0,5.0,0.706896552,3358.0,0.5,3.0,0.0,0.166101695,0.0,0.0,55.71186441,6.0,1.4915,1.0
10.0,1.0,0.0,6.0,31.0,3.0,1.0,6.0,0.0,0.611111111,806.0,0.5,3.0,0.0,0.3125,0.0,0.0,79.0,11.0,2.8,1.0
1.0,1.0,0.0,0.0,2.0,0.0,0.0,0.0,1.0,2.0,68.0,0.015625,0.0,0.0,1.0,0.0,0.0,3.0,0.0,0.0,1.0
1.0,1.0,0.0,0.0,2.0,0.0,0.0,0.0,1.0,2.0,10.0,0.0,0.0,0.0,1.0,0.0,0.0,3.0,0.0,0.0,1.0
4.0,1.0,0.0,2.0,6.0,0.0,2.0,0.0,4.0,0.41666666700000005,87.0,1.0,0.0,0.0,1.0,0.0,0.0,19.75,2.0,1.0,1.0
4.0,3.0,0.0,1.0,15.0,6.0,0.0,1.0,3.0,1.333333333,1166.0,0.0,0.0,0.926829268,0.333333333,0.0,0.0,271.25,2.0,1.0,1.0
4.0,3.0,0.0,1.0,15.0,6.0,0.0,1.0,3.0,1.333333333,1166.0,0.0,0.0,0.926829268,0.333333333,0.0,0.0,271.25,2.0,1.0,1.0
4.0,3.0,0.0,1.0,15.0,6.0,0.0,1.0,3.0,1.333333333,1166.0,0.0,0.0,0.926829268,0.333333333,0.0,0.0,271.25,2.0,1.0,1.0
8.0,1.0,1.0,26.0,22.0,20.0,26.0,0.0,6.0,1.0,179.0,1.0,0.0,0.0,0.314285714,0.0,0.0,20.75,7.0,1.875,1.0
4.0,3.0,0.0,1.0,15.0,6.0,0.0,1.0,3.0,1.333333333,1166.0,0.0,0.0,0.926829268,0.333333333,0.0,0.0,271.25,2.0,1.0,1.0
4.0,3.0,0.0,1.0,15.0,6.0,0.0,1.0,3.0,1.333333333,1166.0,0.0,0.0,0.926829268,0.333333333,0.0,0.0,271.25,2.0,1.0,1.0
4.0,3.0,0.0,1.0,15.0,6.0,0.0,1.0,3.0,1.333333333,1166.0,0.0,0.0,0.926829268,0.333333333,0.0,0.0,271.25,2.0,1.0,1.0
4.0,3.0,0.0,1.0,15.0,6.0,0.0,1.0,3.0,1.333333333,1166.0,0.0,0.0,0.926829268,0.333333333,0.0,0.0,271.25,2.0,1.0,1.0
1.0,4.0,0.0,1.0,2.0,0.0,0.0,1.0,1.0,2.0,4.0,0.0,0.0,1.0,1.0,0.0,0.0,3.0,0.0,0.0,1.0
4.0,3.0,0.0,1.0,15.0,6.0,0.0,1.0,3.0,1.333333333,1166.0,0.0,0.0,0.926829268,0.333333333,0.0,0.0,271.25,2.0,1.0,1.0
4.0,3.0,0.0,1.0,15.0,6.0,0.0,1.0,3.0,1.333333333,1166.0,0.0,0.0,0.926829268,0.333333333,0.0,0.0,271.25,2.0,1.0,1.0
4.0,3.0,0.0,1.0,15.0,6.0,0.0,1.0,3.0,1.333333333,1166.0,0.0,0.0,0.926829268,0.333333333,0.0,0.0,271.25,2.0,1.0,1.0
4.0,3.0,0.0,1.0,15.0,6.0,0.0,1.0,3.0,1.333333333,1166.0,0.0,0.0,0.926829268,0.333333333,0.0,0.0,271.25,2.0,1.0,1.0
4.0,3.0,0.0,1.0,15.0,6.0,0.0,1.0,3.0,1.333333333,1166.0,0.0,0.0,0.926829268,0.333333333,0.0,0.0,271.25,2.0,1.0,1.0
4.0,3.0,0.0,1.0,15.0,6.0,0.0,1.0,3.0,1.333333333,1166.0,0.0,0.0,0.926829268,0.333333333,0.0,0.0,271.25,2.0,1.0,1.0
2.0,4.0,0.0,1.0,3.0,1.0,0.0,1.0,2.0,2.0,870.0,0.0,0.0,0.976190476,1.0,0.0,0.0,432.0,1.0,0.5,1.0
4.0,3.0,0.0,1.0,15.0,6.0,0.0,1.0,3.0,1.333333333,1166.0,0.0,0.0,0.926829268,0.333333333,0.0,0.0,271.25,2.0,1.0,1.0
4.0,3.0,2.0,18.0,15.0,6.0,18.0,0.0,3.0,1.333333333,1008.0,0.0,0.0,0.926829268,0.333333333,0.0,0.0,235.5,2.0,1.0,1.0
4.0,3.0,0.0,1.0,15.0,6.0,0.0,1.0,3.0,1.333333333,1166.0,0.0,0.0,0.926829268,0.333333333,0.0,0.0,271.25,2.0,1.0,1.0
4.0,3.0,0.0,1.0,15.0,6.0,0.0,1.0,3.0,1.333333333,1166.0,0.0,0.0,0.926829268,0.333333333,0.0,0.0,271.25,2.0,1.0,1.0
83.0,2.0,0.0,11.0,178.0,0.0,1.0,10.0,76.0,0.8430894309999999,1124.0,1.0,1.0,0.514792899,0.116465863,2.0,10.0,12.36144578,10.0,1.2048,1.0
93.0,1.0,2.0,5.0,94.0,4278.0,2.0,3.0,87.0,1.010869565,388.0,1.0,0.0,0.0,0.09916368,0.0,0.0,3.1612903230000002,1.0,0.9892,1.0
21.0,1.0,0.0,10.0,66.0,172.0,4.0,7.0,0.0,0.9,681.0,0.611111111,1.0,0.0,0.34166666700000003,0.0,0.0,30.57142857,7.0,1.619,1.0
5.0,1.0,0.0,8.0,6.0,0.0,7.0,1.0,0.0,0.35,123.0,0.1,3.0,0.0,0.46666666700000003,0.0,0.0,21.6,2.0,1.0,1.0
25.0,3.0,0.0,8.0,51.0,190.0,2.0,6.0,23.0,2.0,393.0,0.0,0.0,0.8756476679999999,0.373333333,2.0,16.0,14.72,1.0,0.96,1.0
1.0,1.0,0.0,0.0,2.0,0.0,0.0,0.0,0.0,2.0,9.0,0.0,0.0,0.0,1.0,0.0,0.0,3.0,0.0,0.0,1.0
7.0,2.0,0.0,6.0,29.0,0.0,6.0,0.0,6.0,0.666666667,235.0,1.0,0.0,0.8,0.428571429,1.0,2.0,32.0,3.0,2.1429,1.0
79.0,2.0,3.0,23.0,196.0,1751.0,4.0,20.0,48.0,0.844230769,3344.0,0.8,4.0,0.527272727,0.150994575,2.0,14.0,41.07594937,14.0,1.8354,1.0
19.0,1.0,0.0,1.0,19.0,171.0,1.0,0.0,19.0,2.0,19.0,0.0,0.0,0.0,0.38157894700000006,0.0,0.0,0.0,1.0,1.0,1.0
9.0,1.0,0.0,3.0,9.0,36.0,3.0,0.0,9.0,2.0,9.0,0.0,0.0,0.0,0.444444444,0.0,0.0,0.0,1.0,1.0,1.0
1.0,1.0,0.0,8.0,1.0,0.0,8.0,0.0,1.0,2.0,1.0,0.0,0.0,0.0,1.0,0.0,0.0,0.0,1.0,1.0,1.0
42.0,3.0,0.0,6.0,69.0,759.0,2.0,4.0,40.0,0.9146341459999999,399.0,1.0,0.0,0.7350993379999999,0.146520147,3.0,14.0,8.452380952,2.0,0.9762,1.0
9.0,2.0,0.0,9.0,23.0,36.0,9.0,9.0,0.0,2.0,82.0,0.0,0.0,0.529411765,0.444444444,0.0,0.0,8.111111111,1.0,0.8889,1.0
73.0,1.0,3.0,12.0,118.0,2162.0,3.0,9.0,52.0,0.9338888890000001,1035.0,0.96,4.0,0.0,0.141552511,0.0,0.0,12.83561644,10.0,1.5068,1.0
40.0,3.0,0.0,16.0,124.0,578.0,2.0,14.0,27.0,0.8910256409999999,2858.0,0.875,4.0,0.816425121,0.166666667,3.0,32.0,70.25,3.0,1.125,1.0
9.0,2.0,0.0,2.0,15.0,0.0,1.0,1.0,9.0,0.625,788.0,1.0,0.0,0.6190476189999999,0.311111111,1.0,2.0,85.88888889,1.0,0.8889,1.0
12.0,1.0,0.0,15.0,37.0,0.0,15.0,1.0,5.0,0.709090909,344.0,1.0,0.0,0.0,0.4375,0.0,0.0,27.25,5.0,2.0833,1.0
13.0,1.0,0.0,5.0,49.0,64.0,3.0,2.0,0.0,0.916666667,699.0,0.833333333,0.0,0.0,0.3125,0.0,0.0,52.30769231,16.0,2.4615,1.0
10.0,1.0,0.0,48.0,10.0,45.0,42.0,6.0,10.0,2.0,10.0,0.0,0.0,0.0,0.242857143,0.0,0.0,0.0,1.0,1.0,1.0
0.0,1.0,0.0,1.0,0.0,0.0,1.0,0.0,0.0,2.0,15.0,0.0,0.0,0.0,0.0,0.0,0.0,0.0,0.0,0.0,1.0
11.0,1.0,1.0,3.0,20.0,53.0,3.0,1.0,0.0,0.9,90.0,1.0,0.0,0.0,0.4,0.0,0.0,7.090909091,2.0,0.9091,1.0
3.0,1.0,0.0,3.0,7.0,3.0,3.0,0.0,3.0,2.0,33.0,0.0,0.0,0.0,0.5555555560000001,0.0,0.0,10.0,3.0,1.6667,1.0
6.0,1.0,0.0,12.0,6.0,15.0,12.0,0.0,6.0,1.2,18.0,0.0,0.0,0.0,0.533333333,0.0,0.0,0.0,1.0,1.0,1.0
5.0,1.0,0.0,6.0,9.0,0.0,5.0,1.0,1.0,1.1944444440000002,85.0,0.296296296,1.0,0.0,0.7333333329999999,0.0,0.0,10.6,3.0,1.6,1.0
7.0,1.0,0.0,11.0,41.0,15.0,7.0,5.0,2.0,1.030864198,413.0,0.62962963,0.0,0.0,0.291666667,0.0,0.0,54.14285714,10.0,2.5714,1.0
8.0,1.0,0.0,5.0,66.0,0.0,2.0,3.0,5.0,0.257142857,623.0,0.8,2.0,0.0,0.5,0.0,0.0,76.25,1.0,0.75,1.0
27.0,2.0,3.0,8.0,49.0,209.0,4.0,4.0,22.0,0.711538462,353.0,1.0,1.0,0.783783784,0.171717172,1.0,7.0,11.92592593,3.0,1.0,1.0
19.0,1.0,0.0,2.0,19.0,171.0,1.0,1.0,19.0,1.0555555559999998,22.0,0.0,0.0,0.0,0.308270677,0.0,0.0,0.0,1.0,1.0,1.0
8.0,2.0,0.0,2.0,14.0,0.0,1.0,1.0,8.0,0.14285714300000002,68.0,1.0,0.0,0.65,0.325,1.0,2.0,7.375,1.0,0.875,1.0
10.0,2.0,0.0,3.0,20.0,0.0,1.0,2.0,8.0,0.311111111,532.0,1.0,1.0,0.590909091,0.283333333,1.0,2.0,51.7,2.0,1.0,1.0
9.0,1.0,0.0,11.0,9.0,36.0,10.0,1.0,9.0,2.0,9.0,0.0,0.0,0.0,0.333333333,0.0,0.0,0.0,1.0,1.0,1.0
41.0,3.0,0.0,4.0,56.0,784.0,2.0,2.0,41.0,2.0,223.0,0.0,0.0,0.74,0.155722326,2.0,9.0,4.43902439,1.0,0.9512,1.0
1.0,1.0,0.0,1.0,1.0,0.0,1.0,0.0,1.0,2.0,1.0,0.0,0.0,0.0,1.0,0.0,0.0,0.0,1.0,1.0,1.0
44.0,3.0,0.0,9.0,97.0,742.0,3.0,6.0,40.0,0.88372093,695.0,1.0,0.0,0.730263158,0.148601399,2.0,13.0,14.77272727,2.0,0.9545,1.0
13.0,1.0,0.0,11.0,44.0,60.0,7.0,4.0,2.0,0.930555556,447.0,0.833333333,1.0,0.0,0.25,0.0,0.0,32.92307692,12.0,3.2308,1.0
8.0,1.0,0.0,7.0,14.0,26.0,5.0,3.0,3.0,0.9523809520000001,150.0,0.333333333,1.0,0.0,0.5,0.0,0.0,17.375,6.0,1.875,1.0
17.0,3.0,0.0,12.0,83.0,66.0,2.0,10.0,13.0,0.875,694.0,0.5,1.0,0.918478261,0.325,3.0,31.0,39.70588235,6.0,1.2353,1.0
3.0,1.0,0.0,13.0,17.0,3.0,6.0,7.0,1.0,1.0,132.0,1.0,0.0,0.0,0.5,0.0,0.0,42.66666667,6.0,2.0,1.0
9.0,1.0,0.0,0.0,18.0,36.0,0.0,0.0,9.0,2.0,81.0,0.0,0.0,0.0,0.111111111,0.0,0.0,8.0,2.0,1.1111,1.0
2.0,1.0,0.0,4.0,2.0,1.0,4.0,0.0,2.0,2.0,2.0,0.0,0.0,0.0,0.666666667,0.0,0.0,0.0,1.0,1.0,1.0
8.0,1.0,0.0,1.0,12.0,0.0,1.0,0.0,8.0,0.523809524,217.0,0.833333333,0.0,0.0,0.583333333,0.0,0.0,25.375,4.0,1.875,1.0
13.0,1.0,0.0,0.0,15.0,0.0,0.0,0.0,12.0,0.333333333,161.0,1.0,0.0,0.0,0.41025641,0.0,0.0,11.15384615,2.0,1.2308,1.0
2.0,3.0,0.0,0.0,3.0,1.0,0.0,0.0,2.0,2.0,374.0,0.0,0.0,0.974358974,1.0,0.0,0.0,186.0,1.0,0.5,1.0
2.0,3.0,0.0,0.0,3.0,1.0,0.0,0.0,2.0,2.0,426.0,0.0,0.0,0.974358974,1.0,0.0,0.0,212.0,1.0,0.5,1.0
2.0,3.0,0.0,0.0,3.0,1.0,0.0,0.0,2.0,2.0,374.0,0.0,0.0,0.974358974,1.0,0.0,0.0,186.0,1.0,0.5,1.0
2.0,3.0,0.0,0.0,3.0,1.0,0.0,0.0,2.0,2.0,374.0,0.0,0.0,0.974358974,1.0,0.0,0.0,186.0,1.0,0.5,1.0
2.0,3.0,0.0,0.0,3.0,1.0,0.0,0.0,2.0,2.0,231.0,0.0,0.0,0.974358974,1.0,0.0,0.0,114.5,1.0,0.5,1.0
2.0,1.0,0.0,10.0,4.0,1.0,9.0,1.0,1.0,1.0,12.0,0.0,1.0,0.0,1.0,0.0,0.0,4.5,0.0,0.0,1.0
2.0,3.0,0.0,0.0,3.0,1.0,0.0,0.0,2.0,2.0,374.0,0.0,0.0,0.974358974,1.0,0.0,0.0,186.0,1.0,0.5,1.0
2.0,3.0,0.0,0.0,3.0,1.0,0.0,0.0,2.0,2.0,374.0,0.0,0.0,0.974358974,1.0,0.0,0.0,186.0,1.0,0.5,1.0
13.0,1.0,0.0,2.0,27.0,0.0,1.0,1.0,13.0,0.694444444,168.0,0.0,1.0,0.0,0.4,0.0,0.0,11.69230769,6.0,1.6923,1.0
2.0,3.0,0.0,0.0,3.0,1.0,0.0,0.0,2.0,2.0,374.0,0.0,0.0,0.974358974,1.0,0.0,0.0,186.0,1.0,0.5,1.0
2.0,3.0,0.0,0.0,3.0,1.0,0.0,0.0,2.0,2.0,374.0,0.0,0.0,0.974358974,1.0,0.0,0.0,186.0,1.0,0.5,1.0
2.0,3.0,0.0,0.0,3.0,1.0,0.0,0.0,2.0,2.0,374.0,0.0,0.0,0.974358974,1.0,0.0,0.0,186.0,1.0,0.5,1.0
2.0,3.0,0.0,0.0,3.0,1.0,0.0,0.0,2.0,2.0,374.0,0.0,0.0,0.974358974,1.0,0.0,0.0,186.0,1.0,0.5,1.0
7.0,1.0,0.0,10.0,21.0,3.0,10.0,0.0,1.0,0.611111111,269.0,1.0,0.0,0.0,0.4,0.0,0.0,37.0,7.0,2.1429,1.0
2.0,3.0,0.0,0.0,3.0,1.0,0.0,0.0,2.0,2.0,374.0,0.0,0.0,0.974358974,1.0,0.0,0.0,186.0,1.0,0.5,1.0
2.0,3.0,0.0,0.0,3.0,1.0,0.0,0.0,2.0,2.0,374.0,0.0,0.0,0.974358974,1.0,0.0,0.0,186.0,1.0,0.5,1.0
2.0,3.0,0.0,0.0,3.0,1.0,0.0,0.0,2.0,2.0,374.0,0.0,0.0,0.974358974,1.0,0.0,0.0,186.0,1.0,0.5,1.0
42.0,1.0,0.0,4.0,68.0,375.0,1.0,3.0,29.0,0.780487805,2063.0,1.0,0.0,0.0,0.22648083600000002,0.0,0.0,47.83333333,33.0,3.1429,1.0
2.0,3.0,0.0,0.0,3.0,1.0,0.0,0.0,2.0,2.0,374.0,0.0,0.0,0.974358974,1.0,0.0,0.0,186.0,1.0,0.5,1.0
4.0,1.0,0.0,2.0,10.0,6.0,2.0,0.0,3.0,2.0,39.0,0.0,0.0,0.0,0.875,0.0,0.0,8.75,2.0,1.25,1.0
1.0,1.0,0.0,0.0,2.0,0.0,0.0,0.0,1.0,2.0,40.0,0.0,0.0,0.0,1.0,0.0,0.0,3.0,0.0,0.0,1.0
1.0,4.0,0.0,1.0,2.0,0.0,0.0,1.0,1.0,2.0,4.0,0.0,0.0,1.0,1.0,0.0,0.0,3.0,0.0,0.0,1.0
9.0,1.0,0.0,3.0,33.0,36.0,1.0,2.0,6.0,2.0,341.0,0.0,0.0,0.0,0.5,0.0,0.0,36.88888889,9.0,4.1111,1.0
3.0,4.0,0.0,5.0,5.0,0.0,5.0,0.0,3.0,0.75,23.0,0.5,0.0,0.944444444,0.666666667,0.0,0.0,6.0,1.0,0.3333,1.0
2.0,3.0,1.0,1.0,3.0,1.0,1.0,0.0,2.0,2.0,465.0,0.0,0.0,0.974358974,1.0,0.0,0.0,231.5,1.0,0.5,1.0
2.0,3.0,0.0,0.0,3.0,1.0,0.0,0.0,2.0,2.0,374.0,0.0,0.0,0.974358974,1.0,0.0,0.0,186.0,1.0,0.5,1.0
1.0,4.0,0.0,0.0,2.0,0.0,0.0,0.0,1.0,2.0,6.0,0.0,0.0,1.0,1.0,0.0,0.0,4.0,0.0,0.0,1.0
38.0,1.0,0.0,4.0,68.0,0.0,3.0,1.0,38.0,0.081081081,267.0,1.0,0.0,0.0,0.192105263,1.0,1.0,6.0,2.0,1.0,1.0
8.0,1.0,0.0,1.0,12.0,0.0,1.0,0.0,8.0,0.523809524,217.0,0.833333333,0.0,0.0,0.583333333,0.0,0.0,25.375,4.0,1.875,1.0
14.0,1.0,0.0,4.0,17.0,0.0,4.0,0.0,13.0,0.384615385,165.0,1.0,0.0,0.0,0.404761905,0.0,0.0,10.57142857,2.0,1.2143,1.0
2.0,1.0,0.0,1.0,23.0,1.0,1.0,0.0,2.0,2.0,145.0,0.0,0.0,0.0,0.5,0.0,0.0,71.5,8.0,4.0,1.0
5.0,1.0,1.0,4.0,22.0,8.0,3.0,1.0,5.0,0.75,122.0,0.0,0.0,0.0,0.6,0.0,0.0,23.2,13.0,3.2,1.0
8.0,1.0,0.0,1.0,23.0,10.0,1.0,0.0,4.0,0.767857143,390.0,0.625,0.0,0.0,0.375,0.0,0.0,46.75,19.0,4.875,1.0
11.0,1.0,0.0,1.0,15.0,0.0,1.0,0.0,11.0,0.45,286.0,1.0,0.0,0.0,0.606060606,0.0,0.0,24.63636364,4.0,2.1818,1.0
30.0,1.0,1.0,9.0,33.0,0.0,9.0,0.0,30.0,0.544827586,934.0,0.8,0.0,0.0,0.4,0.0,0.0,29.96666667,5.0,2.1667,1.0
11.0,2.0,0.0,3.0,26.0,0.0,2.0,2.0,11.0,0.55,127.0,0.5,1.0,0.583333333,0.409090909,1.0,3.0,10.36363636,3.0,1.3636,1.0
1.0,1.0,0.0,1.0,2.0,0.0,1.0,0.0,1.0,2.0,17.0,0.0,1.0,0.0,1.0,0.0,0.0,12.0,0.0,0.0,1.0
5.0,1.0,2.0,21.0,6.0,10.0,19.0,2.0,5.0,2.0,8.0,0.0,0.0,0.0,0.4,0.0,0.0,0.6,1.0,0.8,1.0
9.0,2.0,0.0,9.0,23.0,36.0,9.0,9.0,0.0,2.0,82.0,0.0,0.0,0.529411765,0.444444444,0.0,0.0,8.111111111,1.0,0.8889,1.0
27.0,1.0,1.0,12.0,88.0,341.0,7.0,5.0,24.0,0.8888888890000001,1134.0,0.8888888890000001,6.0,0.0,0.192307692,0.0,0.0,40.66666667,40.0,4.8889,1.0
5.0,1.0,0.0,4.0,22.0,6.0,4.0,0.0,3.0,0.958333333,136.0,1.0,1.0,0.0,0.5,0.0,0.0,25.0,3.0,1.0,1.0
1.0,1.0,0.0,1.0,1.0,0.0,1.0,0.0,1.0,2.0,1.0,0.0,0.0,0.0,1.0,0.0,0.0,0.0,1.0,1.0,1.0
12.0,2.0,0.0,5.0,20.0,24.0,4.0,1.0,12.0,2.0,161.0,0.0,0.0,0.653846154,0.39583333299999995,1.0,14.0,12.41666667,2.0,1.0,1.0
8.0,2.0,0.0,4.0,28.0,6.0,2.0,2.0,8.0,0.761904762,471.0,0.0,0.0,0.708333333,0.4375,1.0,1.0,57.125,2.0,1.0,1.0
1.0,1.0,0.0,3.0,1.0,0.0,3.0,0.0,1.0,2.0,1.0,0.0,0.0,0.0,1.0,0.0,0.0,0.0,1.0,1.0,1.0
29.0,1.0,0.0,23.0,44.0,0.0,22.0,1.0,21.0,0.651785714,1651.0,0.0625,1.0,0.0,0.242063492,0.0,0.0,55.37931034,11.0,3.0,1.0
110.0,1.0,1.0,2.0,133.0,5985.0,1.0,1.0,110.0,0.9908256879999999,820.0,1.0,0.0,0.0,0.190909091,0.0,0.0,6.409090909,18.0,1.3364,1.0
13.0,1.0,0.0,2.0,27.0,0.0,1.0,1.0,13.0,0.694444444,168.0,0.0,1.0,0.0,0.4,0.0,0.0,11.69230769,6.0,1.6923,1.0
14.0,1.0,0.0,10.0,36.0,49.0,7.0,3.0,14.0,0.538461538,304.0,0.0,0.0,0.0,0.265306122,0.0,0.0,20.57142857,11.0,1.8571,1.0
13.0,1.0,0.0,3.0,49.0,64.0,1.0,2.0,0.0,0.916666667,699.0,0.833333333,0.0,0.0,0.3125,0.0,0.0,52.30769231,16.0,2.4615,1.0
17.0,1.0,0.0,20.0,26.0,46.0,19.0,1.0,16.0,0.96875,728.0,0.1,0.0,0.0,0.333333333,0.0,0.0,41.23529412,12.0,5.0588,1.0
8.0,2.0,0.0,17.0,29.0,0.0,17.0,0.0,8.0,0.7142857140000001,120.0,0.0,0.0,0.666666667,0.34375,0.0,0.0,13.75,2.0,1.0,1.0
11.0,1.0,1.0,2.0,20.0,53.0,2.0,1.0,0.0,0.9,90.0,1.0,0.0,0.0,0.4,0.0,0.0,7.090909091,2.0,0.9091,1.0
2.0,1.0,0.0,1.0,13.0,1.0,1.0,0.0,2.0,2.0,103.0,0.0,0.0,0.0,0.5,0.0,0.0,49.5,10.0,5.0,1.0
33.0,1.0,0.0,4.0,74.0,274.0,2.0,2.0,31.0,0.642857143,580.0,0.7142857140000001,0.0,0.0,0.193939394,0.0,0.0,16.36363636,5.0,1.0606,1.0
6.0,2.0,0.0,4.0,10.0,13.0,0.0,4.0,5.0,0.8,41.0,1.0,1.0,0.5,0.4,0.0,0.0,5.666666667,1.0,0.6667,1.0
20.0,1.0,0.0,15.0,22.0,8.0,15.0,0.0,13.0,0.552631579,901.0,1.0,0.0,0.0,0.875,0.0,0.0,43.55,8.0,2.95,1.0
5.0,2.0,0.0,1.0,18.0,10.0,1.0,0.0,5.0,1.25,108.0,0.0,0.0,0.8888888890000001,0.6,1.0,2.0,20.4,4.0,1.8,1.0
37.0,1.0,0.0,47.0,37.0,666.0,47.0,0.0,37.0,2.0,37.0,0.0,0.0,0.0,0.19189189199999998,1.0,1.0,0.0,1.0,1.0,1.0
4.0,1.0,0.0,3.0,8.0,0.0,2.0,1.0,3.0,0.333333333,23.0,1.0,1.0,0.0,0.41666666700000005,0.0,0.0,4.5,1.0,0.5,1.0
1.0,1.0,0.0,0.0,1.0,0.0,0.0,0.0,1.0,2.0,1.0,0.0,0.0,0.0,1.0,0.0,0.0,0.0,1.0,1.0,1.0
21.0,1.0,1.0,5.0,23.0,0.0,5.0,0.0,21.0,0.3375,516.0,1.0,0.0,0.0,0.5,0.0,0.0,23.38095238,4.0,1.7143,1.0
4.0,1.0,0.0,0.0,10.0,0.0,0.0,0.0,0.0,1.266666667,90.0,0.0,0.0,0.0,0.833333333,0.0,0.0,15.25,4.0,2.0,1.0
10.0,1.0,0.0,1.0,14.0,0.0,0.0,1.0,10.0,0.472222222,180.0,1.0,1.0,0.0,0.4,0.0,0.0,16.6,3.0,1.6,1.0
10.0,1.0,0.0,8.0,65.0,0.0,3.0,5.0,7.0,0.305555556,611.0,0.75,1.0,0.0,0.44,0.0,0.0,59.7,1.0,0.7,1.0
42.0,1.0,0.0,3.0,68.0,375.0,1.0,2.0,29.0,0.799249531,2067.0,0.923076923,0.0,0.0,0.22648083600000002,0.0,0.0,47.904761900000004,33.0,3.1429,1.0
28.0,1.0,0.0,54.0,49.0,268.0,50.0,4.0,28.0,0.641975309,742.0,0.666666667,0.0,0.0,0.28571428600000004,1.0,1.0,25.28571429,9.0,1.4286,1.0
7.0,1.0,0.0,5.0,21.0,0.0,2.0,3.0,7.0,0.5,122.0,0.666666667,0.0,0.0,0.342857143,0.0,0.0,16.0,2.0,0.7143,1.0
1.0,4.0,0.0,3.0,2.0,0.0,3.0,0.0,0.0,2.0,6.0,0.0,0.0,1.0,1.0,0.0,0.0,4.0,0.0,0.0,1.0
5.0,1.0,0.0,6.0,13.0,4.0,4.0,2.0,3.0,0.75,44.0,0.5,1.0,0.0,0.25,0.0,0.0,7.4,1.0,0.6,1.0
12.0,2.0,0.0,11.0,20.0,24.0,10.0,1.0,12.0,2.0,153.0,0.0,0.0,0.64,0.5277777779999999,1.0,14.0,11.75,2.0,1.0,1.0
5.0,1.0,0.0,7.0,10.0,10.0,7.0,0.0,5.0,2.0,85.0,0.0,0.0,0.0,0.2,0.0,0.0,16.0,5.0,3.0,1.0
20.0,1.0,1.0,5.0,22.0,0.0,5.0,0.0,20.0,0.342105263,497.0,1.0,0.0,0.0,0.6,0.0,0.0,23.65,4.0,1.75,1.0
18.0,1.0,0.0,0.0,20.0,3.0,0.0,0.0,10.0,0.329411765,830.0,1.0,0.0,0.0,0.685185185,0.0,0.0,44.83333333,8.0,3.1111,1.0
3.0,1.0,0.0,1.0,4.0,0.0,1.0,0.0,3.0,0.642857143,55.0,0.0,0.0,0.0,0.666666667,0.0,0.0,15.0,0.0,0.0,1.0
11.0,2.0,0.0,7.0,29.0,53.0,4.0,3.0,11.0,0.8,125.0,1.0,0.0,0.7142857140000001,0.327272727,1.0,5.0,10.27272727,4.0,1.4545,1.0
24.0,1.0,0.0,1.0,30.0,204.0,1.0,0.0,23.0,0.9758454109999999,3239.0,0.111111111,0.0,0.0,0.25,0.0,0.0,133.5833333,17.0,4.0,1.0
10.0,1.0,0.0,0.0,15.0,37.0,0.0,0.0,10.0,0.8444444440000001,65.0,0.8,0.0,0.0,0.375,0.0,0.0,5.0,1.0,0.8,1.0
4.0,1.0,0.0,71.0,4.0,6.0,71.0,0.0,4.0,2.0,4.0,0.0,0.0,0.0,0.583333333,0.0,0.0,0.0,1.0,1.0,1.0
11.0,1.0,0.0,8.0,15.0,0.0,8.0,0.0,11.0,0.56,235.0,0.8,0.0,0.0,0.515151515,0.0,0.0,19.90909091,4.0,1.7273,1.0
9.0,1.0,0.0,21.0,33.0,36.0,19.0,2.0,6.0,2.0,341.0,0.0,0.0,0.0,0.5,0.0,0.0,36.88888889,9.0,4.1111,1.0
3.0,4.0,0.0,36.0,5.0,0.0,36.0,0.0,3.0,0.75,23.0,0.5,0.0,0.944444444,0.666666667,0.0,0.0,6.0,1.0,0.3333,1.0
17.0,1.0,0.0,4.0,54.0,50.0,0.0,4.0,16.0,0.65625,569.0,1.0,0.0,0.0,0.19607843100000003,0.0,0.0,32.23529412,14.0,1.8824,1.0
1.0,1.0,1.0,1.0,2.0,0.0,1.0,0.0,1.0,2.0,26.0,0.0,0.0,0.0,1.0,0.0,0.0,3.0,0.0,0.0,1.0
2.0,4.0,0.0,5.0,7.0,1.0,0.0,5.0,2.0,2.0,614.0,0.0,0.0,0.976190476,1.0,0.0,0.0,306.0,1.0,0.5,1.0
2.0,4.0,0.0,5.0,7.0,1.0,0.0,5.0,2.0,2.0,518.0,0.0,0.0,0.976190476,1.0,0.0,0.0,258.0,1.0,0.5,1.0
2.0,4.0,0.0,2.0,4.0,1.0,0.0,2.0,2.0,2.0,315.0,0.0,0.0,0.976190476,1.0,0.0,0.0,156.5,1.0,0.5,1.0
2.0,4.0,0.0,2.0,4.0,1.0,0.0,2.0,2.0,2.0,315.0,0.0,0.0,0.976190476,1.0,0.0,0.0,156.5,1.0,0.5,1.0
4.0,3.0,18.0,20.0,16.0,6.0,19.0,1.0,3.0,1.333333333,425.0,0.0,0.0,0.926829268,0.41666666700000005,0.0,0.0,100.75,3.0,1.25,1.0
2.0,4.0,0.0,2.0,4.0,1.0,0.0,2.0,2.0,2.0,315.0,0.0,0.0,0.976190476,1.0,0.0,0.0,156.5,1.0,0.5,1.0
2.0,4.0,0.0,5.0,7.0,1.0,0.0,5.0,2.0,2.0,608.0,0.0,0.0,0.976190476,1.0,0.0,0.0,303.0,1.0,0.5,1.0
2.0,4.0,0.0,5.0,7.0,1.0,0.0,5.0,2.0,2.0,506.0,0.0,0.0,0.976190476,1.0,0.0,0.0,252.0,1.0,0.5,1.0
2.0,4.0,0.0,4.0,6.0,1.0,0.0,4.0,2.0,2.0,439.0,0.0,0.0,0.976190476,1.0,0.0,0.0,218.5,1.0,0.5,1.0
2.0,4.0,0.0,5.0,7.0,1.0,0.0,5.0,2.0,2.0,600.0,0.0,0.0,0.976190476,1.0,0.0,0.0,299.0,1.0,0.5,1.0
2.0,4.0,0.0,5.0,7.0,1.0,0.0,5.0,2.0,2.0,614.0,0.0,0.0,0.976190476,1.0,0.0,0.0,306.0,1.0,0.5,1.0
2.0,4.0,0.0,2.0,4.0,1.0,0.0,2.0,2.0,2.0,315.0,0.0,0.0,0.976190476,1.0,0.0,0.0,156.5,1.0,0.5,1.0
3.0,3.0,0.0,0.0,4.0,3.0,0.0,0.0,3.0,2.0,6.0,0.0,0.0,0.95,0.833333333,0.0,0.0,1.0,1.0,0.6667,1.0
2.0,4.0,0.0,2.0,4.0,1.0,0.0,2.0,2.0,2.0,315.0,0.0,0.0,0.976190476,1.0,0.0,0.0,156.5,1.0,0.5,1.0
2.0,4.0,0.0,5.0,7.0,1.0,0.0,5.0,2.0,2.0,618.0,0.0,0.0,0.976190476,1.0,0.0,0.0,308.0,1.0,0.5,1.0
2.0,4.0,0.0,4.0,6.0,1.0,0.0,4.0,2.0,2.0,633.0,0.0,0.0,0.976190476,1.0,0.0,0.0,315.5,1.0,0.5,1.0
2.0,4.0,0.0,2.0,4.0,1.0,0.0,2.0,2.0,2.0,315.0,0.0,0.0,0.976190476,1.0,0.0,0.0,156.5,1.0,0.5,1.0
2.0,4.0,0.0,5.0,7.0,1.0,0.0,5.0,2.0,2.0,518.0,0.0,0.0,0.976190476,1.0,0.0,0.0,258.0,1.0,0.5,1.0
3.0,1.0,0.0,20.0,4.0,0.0,20.0,0.0,3.0,0.0,19.0,1.0,0.0,0.0,0.5555555560000001,0.0,0.0,5.0,1.0,0.6667,1.0
2.0,4.0,0.0,4.0,6.0,1.0,0.0,4.0,2.0,2.0,633.0,0.0,0.0,0.976190476,1.0,0.0,0.0,315.5,1.0,0.5,1.0
3.0,1.0,0.0,13.0,4.0,0.0,13.0,0.0,3.0,0.0,19.0,1.0,0.0,0.0,0.5555555560000001,0.0,0.0,5.0,1.0,0.6667,1.0
3.0,1.0,0.0,13.0,4.0,0.0,13.0,0.0,3.0,0.0,19.0,1.0,0.0,0.0,0.5555555560000001,0.0,0.0,5.0,1.0,0.6667,1.0
2.0,4.0,0.0,5.0,7.0,1.0,0.0,5.0,2.0,2.0,618.0,0.0,0.0,0.976190476,1.0,0.0,0.0,308.0,1.0,0.5,1.0
3.0,1.0,0.0,10.0,4.0,0.0,10.0,0.0,3.0,0.0,19.0,1.0,0.0,0.0,0.5555555560000001,0.0,0.0,5.0,1.0,0.6667,1.0
12.0,1.0,0.0,83.0,12.0,66.0,83.0,0.0,12.0,1.0909090909999999,13.0,0.0,0.0,0.0,0.41666666700000005,0.0,0.0,0.0,1.0,1.0,1.0
2.0,1.0,0.0,6.0,2.0,1.0,6.0,0.0,2.0,2.0,17.0,0.0,0.0,0.0,1.0,0.0,0.0,0.0,1.0,1.0,1.0
5.0,1.0,12.0,31.0,6.0,10.0,31.0,0.0,5.0,2.0,19.0,0.0,0.0,0.0,0.9,0.0,0.0,2.8,1.0,0.8,1.0
21.0,1.0,2.0,52.0,28.0,190.0,44.0,10.0,19.0,0.985,112.0,0.4,1.0,0.0,0.1625,0.0,0.0,3.857142857,1.0,0.9048,1.0
25.0,1.0,0.0,50.0,25.0,300.0,49.0,2.0,25.0,1.041666667,28.0,0.0,0.0,0.0,0.34,0.0,0.0,0.0,1.0,1.0,1.0
9.0,2.0,0.0,9.0,23.0,36.0,9.0,9.0,0.0,2.0,82.0,0.0,0.0,0.529411765,0.444444444,0.0,0.0,8.111111111,1.0,0.8889,1.0
5.0,1.0,0.0,8.0,6.0,2.0,8.0,0.0,4.0,1.1956521740000001,189.0,0.086956522,0.0,0.0,0.375,0.0,0.0,32.2,1.0,0.6,1.0
2.0,5.0,0.0,3.0,3.0,1.0,3.0,0.0,2.0,2.0,13.0,0.0,0.0,1.0,0.833333333,0.0,0.0,5.0,0.0,0.0,1.0
13.0,1.0,0.0,3.0,49.0,64.0,1.0,2.0,0.0,0.916666667,699.0,0.833333333,0.0,0.0,0.3125,0.0,0.0,52.30769231,16.0,2.4615,1.0
11.0,1.0,1.0,2.0,20.0,53.0,2.0,1.0,0.0,0.9,90.0,1.0,0.0,0.0,0.4,0.0,0.0,7.090909091,2.0,0.9091,1.0
67.0,1.0,0.0,96.0,67.0,2211.0,93.0,4.0,67.0,1.015151515,83.0,0.0,0.0,0.0,0.242537313,0.0,0.0,0.0,1.0,1.0,1.0
16.0,4.0,1.0,12.0,41.0,12.0,11.0,1.0,15.0,0.7,390.0,0.0,0.0,0.607142857,0.302083333,1.0,2.0,23.125,10.0,2.0625,1.0
1.0,1.0,0.0,27.0,1.0,0.0,26.0,1.0,1.0,2.0,4.0,0.0,0.0,0.0,1.0,0.0,0.0,0.0,1.0,1.0,1.0
6.0,5.0,0.0,2.0,11.0,15.0,1.0,1.0,6.0,1.2,35.0,0.0,0.0,1.0,0.625,0.0,0.0,4.666666667,0.0,0.0,1.0
14.0,1.0,0.0,24.0,26.0,15.0,22.0,2.0,11.0,0.933110368,405.0,0.39130434799999997,4.0,0.0,0.46153846200000004,0.0,0.0,26.28571429,11.0,2.0714,1.0
14.0,1.0,20.0,22.0,21.0,53.0,20.0,2.0,12.0,0.794871795,166.0,1.0,0.0,0.0,0.404761905,0.0,0.0,10.42857143,5.0,1.4286,1.0
93.0,1.0,1.0,16.0,138.0,4050.0,4.0,13.0,68.0,0.9287439609999999,2310.0,0.7777777779999999,14.0,0.0,0.173835125,0.0,0.0,23.548387100000003,15.0,2.4731,1.0
10.0,1.0,1.0,6.0,41.0,0.0,3.0,3.0,7.0,0.333333333,437.0,0.666666667,1.0,0.0,0.475,0.0,0.0,42.4,1.0,0.8,1.0
14.0,1.0,0.0,9.0,53.0,27.0,0.0,9.0,10.0,0.596153846,752.0,0.15,0.0,0.0,0.16239316199999998,0.0,0.0,51.28571429,9.0,1.5,1.0
4.0,2.0,0.0,1.0,15.0,0.0,0.0,1.0,4.0,0.833333333,62.0,0.0,0.0,0.571428571,0.5,1.0,4.0,14.0,3.0,1.5,1.0
9.0,2.0,0.0,9.0,23.0,36.0,9.0,9.0,0.0,2.0,82.0,0.0,0.0,0.529411765,0.444444444,0.0,0.0,8.111111111,1.0,0.8889,1.0
9.0,1.0,0.0,8.0,12.0,0.0,8.0,0.0,7.0,0.40625,117.0,1.0,0.0,0.0,0.5,1.0,2.0,11.55555556,4.0,1.1111,1.0
3.0,1.0,3.0,3.0,4.0,3.0,3.0,0.0,3.0,2.0,10.0,0.0,0.0,0.0,0.666666667,0.0,0.0,2.333333333,1.0,0.6667,1.0
5.0,2.0,0.0,6.0,15.0,0.0,3.0,3.0,4.0,0.25,72.0,1.0,1.0,0.4,0.46666666700000003,0.0,0.0,13.2,3.0,1.2,1.0
9.0,1.0,0.0,11.0,19.0,0.0,7.0,4.0,9.0,0.5,106.0,1.0,1.0,0.0,0.5555555560000001,0.0,0.0,10.55555556,3.0,1.1111,1.0
3.0,2.0,1.0,31.0,30.0,3.0,22.0,29.0,3.0,2.0,224.0,0.0,0.0,0.989130435,0.761904762,0.0,0.0,73.66666667,5.0,1.6667,1.0
4.0,2.0,0.0,3.0,8.0,0.0,1.0,2.0,3.0,0.333333333,62.0,1.0,1.0,0.5,0.583333333,0.0,0.0,14.0,4.0,1.5,1.0
111.0,1.0,0.0,13.0,150.0,5301.0,0.0,13.0,97.0,0.9443181820000001,1851.0,0.708333333,8.0,0.0,0.11988636400000001,0.0,0.0,15.45945946,10.0,1.5315,1.0
4.0,3.0,3.0,57.0,37.0,6.0,49.0,31.0,4.0,2.0,242.0,0.0,0.0,0.978723404,0.642857143,0.0,0.0,59.5,2.0,1.0,1.0
17.0,2.0,1.0,26.0,82.0,84.0,7.0,22.0,17.0,0.794642857,843.0,0.857142857,3.0,0.542857143,0.19607843100000003,1.0,1.0,48.17647059,37.0,4.6471,1.0
13.0,1.0,0.0,3.0,49.0,64.0,1.0,2.0,0.0,0.916666667,699.0,0.833333333,0.0,0.0,0.3125,0.0,0.0,52.30769231,16.0,2.4615,1.0
11.0,1.0,1.0,2.0,20.0,53.0,2.0,1.0,0.0,0.9,90.0,1.0,0.0,0.0,0.4,0.0,0.0,7.090909091,2.0,0.9091,1.0
8.0,1.0,0.0,1.0,8.0,28.0,0.0,1.0,8.0,2.0,8.0,0.0,0.0,0.0,0.28125,0.0,0.0,0.0,1.0,1.0,1.0
6.0,1.0,0.0,1.0,11.0,0.0,1.0,0.0,6.0,0.65,57.0,1.0,0.0,0.0,0.444444444,0.0,0.0,7.833333333,1.0,0.8333,1.0
5.0,1.0,0.0,6.0,5.0,10.0,6.0,0.0,5.0,2.0,5.0,0.0,0.0,0.0,0.333333333,0.0,0.0,0.0,1.0,1.0,1.0
42.0,1.0,0.0,10.0,90.0,335.0,6.0,5.0,39.0,0.667917448,877.0,0.923076923,1.0,0.0,0.125396825,0.0,0.0,19.57142857,6.0,1.2857,1.0
9.0,1.0,0.0,3.0,18.0,16.0,2.0,2.0,9.0,0.625,184.0,0.0,1.0,0.0,0.4,0.0,0.0,19.11111111,7.0,2.2222,1.0
5.0,2.0,0.0,5.0,12.0,0.0,1.0,4.0,4.0,0.4375,119.0,1.0,3.0,0.4,0.4,0.0,0.0,22.0,7.0,2.2,1.0
6.0,1.0,2.0,6.0,25.0,3.0,5.0,1.0,6.0,0.56,424.0,0.0,1.0,0.0,0.375,0.0,0.0,68.83333333,8.0,2.8333,1.0
6.0,1.0,0.0,4.0,17.0,0.0,3.0,1.0,6.0,0.7,183.0,0.0,0.0,0.0,0.7222222220000001,0.0,0.0,28.5,7.0,1.8333,1.0
15.0,1.0,0.0,3.0,16.0,103.0,2.0,1.0,13.0,0.9285714290000001,47.0,1.0,1.0,0.0,0.380952381,0.0,0.0,2.066666667,1.0,0.8667,1.0
121.0,1.0,0.0,15.0,173.0,5684.0,8.0,7.0,118.0,0.909259259,1428.0,0.666666667,1.0,0.0,0.173333333,0.0,0.0,10.72727273,18.0,1.719,1.0
5.0,2.0,0.0,1.0,15.0,10.0,0.0,1.0,5.0,2.0,305.0,0.0,0.0,0.5,0.35,2.0,5.0,60.0,8.0,2.2,1.0
9.0,1.0,0.0,3.0,24.0,0.0,2.0,2.0,0.0,0.892857143,353.0,0.0,1.0,0.0,0.62962963,0.0,0.0,37.44444444,3.0,1.4444,1.0
9.0,5.0,0.0,11.0,32.0,8.0,2.0,9.0,8.0,0.8214285709999999,443.0,0.14285714300000002,6.0,0.9542857140000001,0.26984127,2.0,20.0,46.66666667,10.0,2.8889,1.0
38.0,5.0,1.0,34.0,112.0,277.0,20.0,14.0,26.0,0.7960687959999999,2407.0,1.0,2.0,0.826732673,0.204954955,2.0,33.0,61.76315789,20.0,3.5263,1.0
76.0,4.0,2.0,24.0,192.0,2368.0,4.0,21.0,66.0,0.9070967740000001,2505.0,0.967741935,11.0,0.562874251,0.135111111,2.0,20.0,31.55263158,13.0,2.2895,1.0
49.0,1.0,0.0,3.0,69.0,1150.0,2.0,1.0,48.0,0.9375,451.0,0.0,0.0,0.0,0.19132653100000002,0.0,0.0,8.081632653,18.0,1.7551,1.0
39.0,4.0,0.0,18.0,119.0,617.0,1.0,18.0,30.0,0.870813397,1670.0,0.545454545,1.0,0.712121212,0.14285714300000002,2.0,17.0,41.53846154,42.0,4.6667,1.0
9.0,1.0,0.0,1.0,18.0,36.0,1.0,0.0,9.0,2.0,81.0,0.0,0.0,0.0,0.111111111,0.0,0.0,8.0,2.0,1.1111,1.0
4.0,3.0,0.0,1.0,15.0,6.0,0.0,1.0,3.0,1.333333333,4270.0,0.0,0.0,0.926829268,0.333333333,0.0,0.0,1005.75,2.0,1.0,1.0
4.0,3.0,0.0,1.0,15.0,6.0,0.0,1.0,3.0,1.333333333,4270.0,0.0,0.0,0.926829268,0.333333333,0.0,0.0,1005.75,2.0,1.0,1.0
4.0,3.0,0.0,1.0,15.0,6.0,0.0,1.0,3.0,1.333333333,4270.0,0.0,0.0,0.926829268,0.333333333,0.0,0.0,1005.75,2.0,1.0,1.0
1.0,4.0,0.0,1.0,2.0,0.0,0.0,1.0,1.0,2.0,4.0,0.0,0.0,1.0,1.0,0.0,0.0,3.0,0.0,0.0,1.0
4.0,3.0,0.0,1.0,15.0,6.0,0.0,1.0,3.0,1.333333333,4270.0,0.0,0.0,0.926829268,0.333333333,0.0,0.0,1005.75,2.0,1.0,1.0
4.0,3.0,0.0,1.0,15.0,6.0,0.0,1.0,3.0,1.333333333,4270.0,0.0,0.0,0.926829268,0.333333333,0.0,0.0,1005.75,2.0,1.0,1.0
4.0,3.0,0.0,1.0,15.0,6.0,0.0,1.0,3.0,1.333333333,4270.0,0.0,0.0,0.926829268,0.333333333,0.0,0.0,1005.75,2.0,1.0,1.0
4.0,3.0,0.0,1.0,15.0,6.0,0.0,1.0,3.0,1.333333333,4270.0,0.0,0.0,0.926829268,0.333333333,0.0,0.0,1005.75,2.0,1.0,1.0
4.0,3.0,0.0,1.0,15.0,6.0,0.0,1.0,3.0,1.333333333,4270.0,0.0,0.0,0.926829268,0.333333333,0.0,0.0,1005.75,2.0,1.0,1.0
4.0,3.0,0.0,1.0,15.0,6.0,0.0,1.0,3.0,1.333333333,4270.0,0.0,0.0,0.926829268,0.333333333,0.0,0.0,1005.75,2.0,1.0,1.0
4.0,3.0,0.0,1.0,15.0,6.0,0.0,1.0,3.0,1.333333333,4270.0,0.0,0.0,0.926829268,0.333333333,0.0,0.0,1005.75,2.0,1.0,1.0
4.0,3.0,0.0,1.0,15.0,6.0,0.0,1.0,3.0,1.333333333,4270.0,0.0,0.0,0.926829268,0.333333333,0.0,0.0,1005.75,2.0,1.0,1.0
4.0,3.0,0.0,1.0,15.0,6.0,0.0,1.0,3.0,1.333333333,4270.0,0.0,0.0,0.926829268,0.333333333,0.0,0.0,1005.75,2.0,1.0,1.0
4.0,3.0,0.0,1.0,15.0,6.0,0.0,1.0,3.0,1.333333333,4270.0,0.0,0.0,0.926829268,0.333333333,0.0,0.0,1005.75,2.0,1.0,1.0
4.0,3.0,0.0,74.0,7.0,0.0,73.0,1.0,3.0,0.833333333,40.0,1.0,0.0,0.818181818,0.5555555560000001,0.0,0.0,8.5,3.0,1.5,1.0
4.0,3.0,2.0,18.0,15.0,6.0,18.0,0.0,3.0,1.333333333,4489.0,0.0,0.0,0.926829268,0.333333333,0.0,0.0,1057.75,2.0,1.0,1.0
4.0,3.0,0.0,1.0,15.0,6.0,0.0,1.0,3.0,1.333333333,4270.0,0.0,0.0,0.926829268,0.333333333,0.0,0.0,1005.75,2.0,1.0,1.0
4.0,3.0,0.0,1.0,15.0,6.0,0.0,1.0,3.0,1.333333333,4270.0,0.0,0.0,0.926829268,0.333333333,0.0,0.0,1005.75,2.0,1.0,1.0
2.0,4.0,0.0,1.0,3.0,1.0,0.0,1.0,2.0,2.0,3764.0,0.0,0.0,0.976190476,1.0,0.0,0.0,1875.0,1.0,0.5,1.0
4.0,3.0,0.0,1.0,15.0,6.0,0.0,1.0,3.0,1.333333333,4270.0,0.0,0.0,0.926829268,0.333333333,0.0,0.0,1005.75,2.0,1.0,1.0
3.0,4.0,0.0,13.0,5.0,3.0,13.0,0.0,3.0,1.5,17.0,0.0,0.0,1.0,0.5555555560000001,0.0,0.0,4.333333333,0.0,0.0,1.0
1.0,1.0,0.0,6.0,1.0,0.0,4.0,2.0,1.0,2.0,1.0,0.0,0.0,0.0,1.0,0.0,0.0,0.0,1.0,1.0,1.0
9.0,1.0,0.0,9.0,9.0,36.0,8.0,1.0,9.0,2.0,9.0,0.0,0.0,0.0,0.4,0.0,0.0,0.0,1.0,1.0,1.0
1.0,1.0,0.0,11.0,1.0,0.0,11.0,1.0,1.0,2.0,1.0,0.0,0.0,0.0,1.0,0.0,0.0,0.0,1.0,1.0,1.0
2.0,1.0,0.0,2.0,2.0,1.0,2.0,0.0,2.0,2.0,2.0,0.0,0.0,0.0,0.666666667,0.0,0.0,0.0,1.0,1.0,1.0
10.0,1.0,0.0,1.0,10.0,45.0,1.0,0.0,10.0,1.111111111,11.0,0.0,0.0,0.0,0.4,0.0,0.0,0.0,1.0,1.0,1.0
44.0,1.0,0.0,38.0,44.0,946.0,34.0,5.0,44.0,1.023255814,52.0,0.0,0.0,0.0,0.237373737,0.0,0.0,0.0,1.0,1.0,1.0
11.0,1.0,0.0,19.0,11.0,55.0,15.0,4.0,11.0,2.0,11.0,0.0,0.0,0.0,0.262626263,0.0,0.0,0.0,1.0,1.0,1.0
3.0,1.0,0.0,0.0,9.0,1.0,0.0,0.0,2.0,0.5,44.0,1.0,0.0,0.0,0.5,0.0,0.0,12.66666667,2.0,0.6667,1.0
2.0,1.0,0.0,1.0,17.0,1.0,0.0,1.0,2.0,2.0,127.0,1.0,0.0,0.0,0.5,0.0,0.0,62.0,6.0,3.0,1.0
24.0,1.0,0.0,5.0,30.0,0.0,5.0,0.0,21.0,0.543478261,486.0,1.0,0.0,0.0,0.316666667,0.0,0.0,19.08333333,8.0,1.7083,1.0
2.0,3.0,0.0,0.0,3.0,1.0,0.0,0.0,2.0,2.0,229.0,0.0,0.0,0.974358974,1.0,0.0,0.0,113.5,1.0,0.5,1.0
7.0,1.0,0.0,1.0,8.0,21.0,0.0,1.0,7.0,1.0,30.0,1.0,1.0,0.0,0.5,0.0,0.0,3.0,1.0,0.8571,1.0
17.0,1.0,0.0,7.0,39.0,62.0,6.0,1.0,16.0,0.7578125,276.0,1.0,1.0,0.0,0.441176471,0.0,0.0,14.76470588,4.0,1.4706,1.0
1.0,1.0,0.0,1.0,2.0,0.0,1.0,0.0,1.0,2.0,12.0,0.0,0.0,0.0,1.0,0.0,0.0,9.0,0.0,0.0,1.0
2.0,3.0,0.0,0.0,3.0,1.0,0.0,0.0,2.0,2.0,229.0,0.0,0.0,0.974358974,1.0,0.0,0.0,113.5,1.0,0.5,1.0
2.0,3.0,0.0,0.0,3.0,1.0,0.0,0.0,2.0,2.0,229.0,0.0,0.0,0.974358974,1.0,0.0,0.0,113.5,1.0,0.5,1.0
2.0,1.0,0.0,2.0,3.0,0.0,2.0,0.0,2.0,0.0,29.0,0.0,0.0,0.0,0.875,0.0,0.0,12.0,0.0,0.0,1.0
2.0,3.0,0.0,0.0,3.0,1.0,0.0,0.0,2.0,2.0,229.0,0.0,0.0,0.974358974,1.0,0.0,0.0,113.5,1.0,0.5,1.0
2.0,3.0,0.0,0.0,3.0,1.0,0.0,0.0,2.0,2.0,320.0,0.0,0.0,0.974358974,1.0,0.0,0.0,159.0,1.0,0.5,1.0
2.0,3.0,0.0,0.0,3.0,1.0,0.0,0.0,2.0,2.0,229.0,0.0,0.0,0.974358974,1.0,0.0,0.0,113.5,1.0,0.5,1.0
9.0,2.0,0.0,9.0,23.0,36.0,9.0,9.0,0.0,2.0,82.0,0.0,0.0,0.529411765,0.444444444,0.0,0.0,8.111111111,1.0,0.8889,1.0
2.0,3.0,0.0,0.0,3.0,1.0,0.0,0.0,2.0,2.0,229.0,0.0,0.0,0.974358974,1.0,0.0,0.0,113.5,1.0,0.5,1.0
72.0,1.0,0.0,36.0,199.0,2540.0,20.0,19.0,66.0,1.005868545,2627.0,0.27777777800000003,0.0,0.0,0.10024855,0.0,0.0,34.98611111,49.0,4.125,1.0
2.0,3.0,0.0,0.0,3.0,1.0,0.0,0.0,2.0,2.0,229.0,0.0,0.0,0.974358974,1.0,0.0,0.0,113.5,1.0,0.5,1.0
8.0,2.0,0.0,2.0,19.0,0.0,1.0,1.0,8.0,0.6571428570000001,183.0,1.0,0.0,0.932692308,0.35,0.0,0.0,21.25,5.0,1.625,1.0
2.0,1.0,1.0,3.0,4.0,1.0,3.0,0.0,2.0,2.0,9.0,0.0,0.0,0.0,0.75,0.0,0.0,3.5,1.0,0.5,1.0
2.0,3.0,0.0,0.0,3.0,1.0,0.0,0.0,2.0,2.0,229.0,0.0,0.0,0.974358974,1.0,0.0,0.0,113.5,1.0,0.5,1.0
13.0,1.0,0.0,3.0,49.0,64.0,1.0,2.0,0.0,0.916666667,699.0,0.833333333,0.0,0.0,0.3125,0.0,0.0,52.30769231,16.0,2.4615,1.0
2.0,3.0,0.0,0.0,3.0,1.0,0.0,0.0,2.0,2.0,229.0,0.0,0.0,0.974358974,1.0,0.0,0.0,113.5,1.0,0.5,1.0
2.0,3.0,0.0,0.0,3.0,1.0,0.0,0.0,2.0,2.0,229.0,0.0,0.0,0.974358974,1.0,0.0,0.0,113.5,1.0,0.5,1.0
11.0,1.0,1.0,2.0,20.0,53.0,2.0,1.0,0.0,0.9,90.0,1.0,0.0,0.0,0.4,0.0,0.0,7.090909091,2.0,0.9091,1.0
2.0,3.0,0.0,0.0,3.0,1.0,0.0,0.0,2.0,2.0,229.0,0.0,0.0,0.974358974,1.0,0.0,0.0,113.5,1.0,0.5,1.0
2.0,3.0,0.0,0.0,3.0,1.0,0.0,0.0,2.0,2.0,229.0,0.0,0.0,0.974358974,1.0,0.0,0.0,113.5,1.0,0.5,1.0
2.0,3.0,0.0,0.0,3.0,1.0,0.0,0.0,2.0,2.0,229.0,0.0,0.0,0.974358974,1.0,0.0,0.0,113.5,1.0,0.5,1.0
2.0,3.0,0.0,0.0,3.0,1.0,0.0,0.0,2.0,2.0,229.0,0.0,0.0,0.974358974,1.0,0.0,0.0,113.5,1.0,0.5,1.0
4.0,1.0,0.0,3.0,5.0,2.0,3.0,0.0,3.0,1.166666667,78.0,0.25,0.0,0.0,0.5,0.0,0.0,16.5,1.0,0.5,1.0
15.0,1.0,0.0,14.0,26.0,1.0,13.0,2.0,14.0,0.553571429,477.0,1.0,1.0,0.0,0.38333333299999994,0.0,0.0,30.53333333,6.0,2.4667,1.0
2.0,3.0,0.0,0.0,3.0,1.0,0.0,0.0,2.0,2.0,229.0,0.0,0.0,0.974358974,1.0,0.0,0.0,113.5,1.0,0.5,1.0
2.0,3.0,0.0,0.0,3.0,1.0,0.0,0.0,2.0,2.0,190.0,0.0,0.0,0.974358974,1.0,0.0,0.0,94.0,1.0,0.5,1.0
10.0,1.0,0.0,1.0,62.0,39.0,0.0,1.0,3.0,0.8444444440000001,678.0,0.0,0.0,0.0,0.177777778,0.0,0.0,65.8,13.0,6.4,1.0
44.0,1.0,0.0,28.0,120.0,794.0,14.0,15.0,42.0,0.942857143,1110.0,0.571428571,7.0,0.0,0.14610389599999998,0.0,0.0,23.43181818,12.0,2.1364,1.0
2.0,3.0,0.0,0.0,3.0,1.0,0.0,0.0,2.0,2.0,229.0,0.0,0.0,0.974358974,1.0,0.0,0.0,113.5,1.0,0.5,1.0
0.0,1.0,0.0,1.0,0.0,0.0,1.0,0.0,0.0,2.0,14.0,0.0,0.0,0.0,0.0,0.0,0.0,0.0,0.0,0.0,1.0
6.0,1.0,0.0,1.0,16.0,0.0,0.0,1.0,5.0,0.7333333329999999,88.0,1.0,0.0,0.0,0.333333333,0.0,0.0,13.16666667,1.0,0.6667,1.0
4.0,1.0,0.0,2.0,4.0,6.0,2.0,0.0,4.0,2.0,4.0,0.0,0.0,0.0,0.4,0.0,0.0,0.0,1.0,1.0,1.0
14.0,1.0,0.0,13.0,33.0,43.0,4.0,9.0,14.0,0.834319527,300.0,0.7692307690000001,0.0,0.0,0.20535714300000002,0.0,0.0,19.5,2.0,1.0714,1.0
5.0,1.0,0.0,1.0,11.0,0.0,0.0,1.0,5.0,0.0,41.0,1.0,0.0,0.0,0.36,0.0,0.0,7.0,1.0,0.8,1.0
39.0,2.0,0.0,26.0,168.0,427.0,4.0,23.0,22.0,0.895833333,1749.0,1.0,7.0,0.26,0.12217194599999999,0.0,0.0,43.23076923,20.0,2.641,1.0
5.0,1.0,0.0,6.0,36.0,10.0,2.0,4.0,5.0,2.0,210.0,0.0,0.0,0.0,0.3,0.0,0.0,41.0,1.0,0.8,1.0
29.0,1.0,0.0,15.0,78.0,114.0,2.0,14.0,29.0,0.854166667,505.0,1.0,3.0,0.0,0.23706896600000002,0.0,0.0,16.0,2.0,1.0,1.0
9.0,2.0,0.0,9.0,23.0,36.0,9.0,9.0,0.0,2.0,82.0,0.0,0.0,0.529411765,0.444444444,0.0,0.0,8.111111111,1.0,0.8889,1.0
32.0,3.0,0.0,17.0,154.0,278.0,6.0,16.0,23.0,0.894540943,1835.0,0.615384615,0.0,0.39215686299999997,0.14285714300000002,1.0,2.0,55.53125,17.0,2.25,1.0
22.0,1.0,0.0,3.0,56.0,221.0,1.0,2.0,20.0,0.9642857140000001,402.0,1.0,1.0,0.0,0.143939394,0.0,0.0,17.09090909,2.0,1.0,1.0
17.0,1.0,0.0,9.0,73.0,0.0,1.0,9.0,16.0,0.78125,345.0,1.0,3.0,0.0,0.22875817,0.0,0.0,18.94117647,1.0,0.9412,1.0
7.0,2.0,0.0,5.0,31.0,13.0,2.0,3.0,6.0,0.7777777779999999,143.0,1.0,2.0,0.85,0.28571428600000004,1.0,2.0,19.0,2.0,1.0,1.0
19.0,1.0,0.0,11.0,51.0,37.0,4.0,9.0,9.0,0.671296296,464.0,0.916666667,2.0,0.0,0.171717172,0.0,0.0,22.78947368,1.0,0.7895,1.0
13.0,1.0,0.0,5.0,49.0,64.0,3.0,2.0,0.0,0.916666667,699.0,0.833333333,0.0,0.0,0.3125,0.0,0.0,52.30769231,16.0,2.4615,1.0
11.0,1.0,1.0,2.0,20.0,53.0,2.0,1.0,0.0,0.9,90.0,1.0,0.0,0.0,0.4,0.0,0.0,7.090909091,2.0,0.9091,1.0
22.0,1.0,0.0,2.0,56.0,139.0,1.0,1.0,22.0,0.682539683,432.0,1.0,0.0,0.0,0.26623376600000004,0.0,0.0,18.36363636,9.0,1.7727,1.0
2.0,1.0,0.0,0.0,4.0,1.0,0.0,0.0,2.0,1.0,47.0,1.0,0.0,0.0,1.0,0.0,0.0,18.0,1.0,0.5,1.0
21.0,3.0,0.0,4.0,49.0,0.0,0.0,4.0,19.0,0.635714286,529.0,1.0,0.0,0.5,0.220238095,1.0,2.0,23.85714286,5.0,1.1429,1.0
25.0,1.0,0.0,4.0,71.0,254.0,3.0,1.0,20.0,0.892857143,582.0,1.0,1.0,0.0,0.152727273,0.0,0.0,22.0,3.0,1.08,1.0
5.0,1.0,0.0,11.0,22.0,0.0,1.0,10.0,4.0,0.166666667,153.0,1.0,0.0,0.0,0.4,0.0,0.0,29.0,2.0,1.0,1.0
4.0,1.0,0.0,4.0,39.0,4.0,0.0,4.0,3.0,0.333333333,214.0,1.0,0.0,0.0,0.333333333,0.0,0.0,51.75,9.0,2.75,1.0
8.0,1.0,0.0,14.0,69.0,12.0,0.0,14.0,6.0,0.746031746,616.0,1.0,1.0,0.0,0.270833333,0.0,0.0,74.875,16.0,4.0,1.0
9.0,2.0,0.0,9.0,23.0,36.0,9.0,9.0,0.0,2.0,82.0,0.0,0.0,0.529411765,0.444444444,0.0,0.0,8.111111111,1.0,0.8889,1.0
13.0,1.0,0.0,3.0,49.0,64.0,1.0,2.0,0.0,0.916666667,699.0,0.833333333,0.0,0.0,0.3125,0.0,0.0,52.30769231,16.0,2.4615,1.0
11.0,1.0,1.0,2.0,20.0,53.0,2.0,1.0,0.0,0.9,90.0,1.0,0.0,0.0,0.4,0.0,0.0,7.090909091,2.0,0.9091,1.0
5.0,1.0,0.0,6.0,36.0,0.0,3.0,5.0,5.0,0.65,330.0,1.0,2.0,0.0,0.46666666700000003,0.0,0.0,64.0,3.0,1.6,1.0
1.0,4.0,0.0,2.0,2.0,0.0,1.0,1.0,1.0,2.0,6.0,0.0,0.0,1.0,1.0,0.0,0.0,4.0,0.0,0.0,1.0
1.0,3.0,2.0,3.0,2.0,0.0,3.0,0.0,1.0,2.0,6.0,0.0,0.0,1.0,1.0,0.0,0.0,4.0,0.0,0.0,1.0
1.0,4.0,0.0,2.0,2.0,0.0,1.0,1.0,1.0,2.0,6.0,0.0,0.0,1.0,1.0,0.0,0.0,4.0,0.0,0.0,1.0
10.0,2.0,0.0,3.0,15.0,5.0,1.0,3.0,10.0,0.5555555560000001,65.0,1.0,1.0,0.590909091,0.35,1.0,6.0,5.3,2.0,1.0,1.0
58.0,1.0,0.0,12.0,117.0,0.0,5.0,7.0,54.0,0.840643275,611.0,1.0,3.0,0.0,0.19482758600000002,0.0,0.0,9.327586207000001,3.0,1.3793,1.0
7.0,2.0,0.0,3.0,19.0,0.0,0.0,3.0,7.0,0.0,64.0,1.0,1.0,0.684210526,0.428571429,1.0,5.0,8.0,1.0,0.8571,1.0
10.0,2.0,0.0,3.0,23.0,0.0,0.0,3.0,10.0,0.5,116.0,1.0,1.0,0.590909091,0.35,1.0,8.0,10.4,4.0,1.3,1.0
13.0,2.0,0.0,6.0,31.0,14.0,0.0,6.0,12.0,0.583333333,268.0,1.0,4.0,0.541666667,0.307692308,1.0,8.0,19.07692308,3.0,1.4615,1.0
20.0,2.0,0.0,9.0,39.0,34.0,2.0,7.0,20.0,0.778947368,399.0,1.0,4.0,0.40625,0.242857143,1.0,7.0,18.7,11.0,2.6,1.0
0.0,1.0,0.0,1.0,0.0,0.0,1.0,0.0,0.0,2.0,0.0,0.0,0.0,0.0,0.0,0.0,0.0,0.0,0.0,0.0,1.0
9.0,3.0,0.0,22.0,44.0,36.0,11.0,12.0,8.0,1.1,346.0,0.8,0.0,0.813953488,0.444444444,1.0,5.0,36.88888889,18.0,3.0,1.0
8.0,2.0,0.0,6.0,25.0,0.0,1.0,5.0,8.0,0.47619047600000003,195.0,1.0,2.0,0.65,0.34375,1.0,5.0,22.625,6.0,1.625,1.0
4.0,1.0,0.0,1.0,9.0,4.0,0.0,1.0,3.0,0.666666667,29.0,0.0,0.0,0.0,0.5555555560000001,0.0,0.0,5.75,2.0,0.75,1.0
4.0,2.0,1.0,6.0,21.0,0.0,1.0,6.0,4.0,0.333333333,196.0,1.0,1.0,0.8235294120000001,0.5,1.0,4.0,47.75,16.0,4.5,1.0
17.0,1.0,0.0,2.0,24.0,0.0,2.0,0.0,16.0,0.716346154,623.0,0.7692307690000001,0.0,0.0,0.291666667,0.0,0.0,34.88235294,10.0,2.2353,1.0
16.0,1.0,3.0,7.0,42.0,106.0,4.0,3.0,7.0,0.8057971009999999,856.0,0.826086957,3.0,0.0,0.237037037,0.0,0.0,51.0625,16.0,3.5625,1.0
9.0,2.0,0.0,6.0,25.0,0.0,1.0,5.0,8.0,0.513888889,445.0,1.0,2.0,0.6190476189999999,0.36111111100000004,1.0,6.0,47.44444444,6.0,3.1111,1.0
111.0,2.0,1.0,21.0,136.0,6045.0,5.0,18.0,110.0,0.9685314690000001,842.0,0.7692307690000001,3.0,0.470873786,0.144155844,0.0,0.0,6.468468467999999,4.0,1.1622,1.0
8.0,2.0,1.0,4.0,21.0,0.0,2.0,3.0,8.0,0.333333333,158.0,1.0,2.0,0.65,0.34375,1.0,5.0,18.375,3.0,1.5,1.0
1.0,1.0,0.0,1.0,1.0,0.0,0.0,1.0,1.0,2.0,1.0,0.0,0.0,0.0,1.0,0.0,0.0,0.0,1.0,1.0,1.0
81.0,6.0,0.0,58.0,233.0,3062.0,11.0,54.0,66.0,0.962931034,2220.0,1.0,5.0,0.7214285709999999,0.12916666699999999,3.0,8.0,26.04938272,10.0,2.037,1.0
9.0,2.0,0.0,9.0,23.0,36.0,9.0,9.0,0.0,2.0,82.0,0.0,0.0,0.529411765,0.444444444,0.0,0.0,8.111111111,1.0,0.8889,1.0
6.0,1.0,0.0,9.0,17.0,9.0,1.0,8.0,4.0,0.685714286,188.0,1.0,2.0,0.0,0.5,0.0,0.0,29.16666667,1.0,0.5,1.0
11.0,2.0,0.0,4.0,21.0,23.0,1.0,4.0,11.0,0.64,135.0,1.0,2.0,0.565217391,0.363636364,1.0,6.0,10.81818182,4.0,1.3636,1.0
54.0,1.0,0.0,16.0,115.0,277.0,4.0,14.0,52.0,0.870283019,803.0,1.0,4.0,0.0,0.17129629600000001,0.0,0.0,13.72222222,11.0,1.6111,1.0
11.0,1.0,0.0,9.0,29.0,7.0,2.0,7.0,8.0,0.806666667,324.0,0.7333333329999999,3.0,0.0,0.35,0.0,0.0,27.09090909,5.0,1.2727,1.0
13.0,1.0,0.0,5.0,49.0,64.0,3.0,2.0,0.0,0.916666667,699.0,0.833333333,0.0,0.0,0.3125,0.0,0.0,52.30769231,16.0,2.4615,1.0
7.0,1.0,0.0,19.0,48.0,21.0,0.0,19.0,3.0,1.166666667,393.0,1.0,0.0,0.0,0.469387755,0.0,0.0,55.0,1.0,0.8571,1.0
11.0,1.0,1.0,2.0,20.0,53.0,2.0,1.0,0.0,0.9,90.0,1.0,0.0,0.0,0.4,0.0,0.0,7.090909091,2.0,0.9091,1.0
4.0,2.0,1.0,5.0,13.0,4.0,1.0,5.0,4.0,2.0,96.0,0.0,0.0,0.8235294120000001,0.5,1.0,4.0,23.0,10.0,3.0,1.0
7.0,1.0,0.0,3.0,8.0,9.0,2.0,1.0,0.0,0.833333333,52.0,1.0,1.0,0.0,0.28571428600000004,0.0,0.0,5.571428571,1.0,0.8571,1.0
0.0,1.0,0.0,4.0,0.0,0.0,3.0,1.0,0.0,2.0,0.0,0.0,0.0,0.0,0.0,0.0,0.0,0.0,0.0,0.0,1.0
8.0,2.0,0.0,4.0,11.0,0.0,2.0,2.0,8.0,0.214285714,105.0,1.0,0.0,0.7222222220000001,0.5,1.0,6.0,11.875,4.0,1.125,1.0
11.0,1.0,0.0,2.0,18.0,19.0,0.0,2.0,9.0,0.75,138.0,1.0,0.0,0.0,0.424242424,0.0,0.0,11.0,3.0,1.2727,1.0
2.0,1.0,0.0,11.0,12.0,0.0,4.0,7.0,2.0,0.4,116.0,1.0,4.0,0.0,0.625,0.0,0.0,54.5,9.0,4.5,1.0
2.0,1.0,0.0,1.0,3.0,1.0,0.0,1.0,2.0,2.0,7.0,0.0,0.0,0.0,0.75,0.0,0.0,2.5,1.0,0.5,1.0
5.0,2.0,1.0,5.0,18.0,2.0,1.0,5.0,4.0,0.625,142.0,0.5,1.0,0.8235294120000001,0.5,1.0,4.0,27.0,14.0,3.2,1.0
10.0,2.0,0.0,3.0,21.0,0.0,0.0,3.0,10.0,0.62962963,99.0,1.0,1.0,0.590909091,0.35,1.0,7.0,8.6,2.0,1.1,1.0
9.0,2.0,0.0,4.0,24.0,0.0,0.0,4.0,9.0,0.625,109.0,1.0,2.0,0.6190476189999999,0.288888889,1.0,6.0,10.77777778,3.0,1.2222,1.0
1.0,1.0,0.0,3.0,1.0,0.0,1.0,2.0,1.0,2.0,1.0,0.0,0.0,0.0,1.0,0.0,0.0,0.0,1.0,1.0,1.0
2.0,3.0,0.0,3.0,6.0,0.0,0.0,3.0,2.0,0.0,28.0,1.0,1.0,0.9523809520000001,0.666666667,1.0,2.0,12.5,3.0,1.5,1.0
10.0,1.0,0.0,8.0,54.0,17.0,1.0,8.0,4.0,0.6543209879999999,423.0,1.0,1.0,0.0,0.275,0.0,0.0,40.4,9.0,2.2,1.0
122.0,3.0,0.0,16.0,346.0,0.0,2.0,15.0,119.0,0.80755608,1640.0,1.0,3.0,0.63190184,0.13553719,1.0,18.0,12.385245900000001,2.0,1.7541,1.0
1.0,1.0,0.0,2.0,1.0,0.0,2.0,0.0,1.0,2.0,1.0,0.0,0.0,0.0,1.0,0.0,0.0,0.0,1.0,1.0,1.0
11.0,2.0,0.0,5.0,26.0,0.0,0.0,5.0,8.0,0.666666667,272.0,1.0,3.0,0.565217391,0.30909090899999997,1.0,7.0,23.18181818,4.0,1.6364,1.0
8.0,2.0,0.0,3.0,21.0,0.0,1.0,3.0,8.0,0.0,85.0,1.0,1.0,0.65,0.34375,1.0,5.0,9.5,2.0,1.0,1.0
10.0,6.0,0.0,30.0,48.0,1.0,2.0,28.0,10.0,0.518518519,302.0,1.0,2.0,0.925233645,0.242857143,4.0,5.0,28.9,8.0,1.6,1.0
8.0,3.0,0.0,14.0,38.0,0.0,0.0,14.0,7.0,0.80952381,255.0,0.444444444,2.0,0.922077922,0.265306122,2.0,8.0,29.75,3.0,1.375,1.0
3.0,5.0,0.0,9.0,11.0,3.0,0.0,9.0,3.0,2.0,37.0,0.0,0.0,0.99,0.533333333,3.0,5.0,11.33333333,1.0,0.3333,1.0
6.0,3.0,0.0,20.0,37.0,0.0,1.0,20.0,5.0,0.5,288.0,1.0,3.0,0.934210526,0.28571428600000004,2.0,8.0,46.33333333,7.0,2.5,1.0
20.0,3.0,0.0,57.0,109.0,130.0,2.0,57.0,15.0,0.847953216,1543.0,1.0,4.0,0.7466666670000001,0.23636363600000002,1.0,4.0,75.7,11.0,2.5,1.0
57.0,1.0,5.0,100.0,125.0,1198.0,74.0,46.0,10.0,0.9107142859999999,1198.0,0.916666667,7.0,0.0,0.150297619,0.0,0.0,19.80701754,18.0,2.1579,1.0
4.0,3.0,0.0,19.0,26.0,0.0,0.0,19.0,3.0,0.333333333,311.0,1.0,0.0,0.949152542,0.4,2.0,6.0,76.5,6.0,2.25,1.0
4.0,4.0,0.0,32.0,45.0,0.0,0.0,32.0,3.0,0.083333333,534.0,1.0,4.0,0.96969697,0.45833333299999995,3.0,7.0,131.5,8.0,2.5,1.0
3.0,3.0,2.0,4.0,4.0,3.0,3.0,1.0,2.0,2.0,6.0,0.0,0.0,0.97260274,0.666666667,0.0,0.0,1.0,1.0,0.6667,1.0
4.0,4.0,0.0,12.0,13.0,6.0,0.0,12.0,4.0,2.0,59.0,0.0,0.0,0.96969697,0.4375,2.0,4.0,13.75,3.0,1.25,1.0
20.0,6.0,1.0,53.0,101.0,50.0,8.0,46.0,13.0,0.831578947,1191.0,1.0,1.0,0.8389830509999999,0.225,3.0,8.0,58.05,8.0,2.6,1.0
6.0,3.0,0.0,28.0,60.0,0.0,3.0,27.0,5.0,0.65,375.0,1.0,3.0,0.918032787,0.305555556,1.0,5.0,60.83333333,13.0,3.5,1.0
3.0,4.0,0.0,19.0,22.0,3.0,0.0,19.0,3.0,2.0,131.0,0.0,0.0,0.9795918370000001,0.444444444,3.0,14.0,42.66666667,5.0,2.0,1.0
5.0,3.0,0.0,25.0,32.0,0.0,2.0,23.0,4.0,0.25,269.0,1.0,1.0,0.933333333,0.333333333,1.0,4.0,52.6,5.0,1.8,1.0
6.0,3.0,0.0,28.0,37.0,0.0,1.0,27.0,6.0,0.333333333,263.0,1.0,2.0,0.934210526,0.305555556,2.0,7.0,42.33333333,4.0,1.3333,1.0
14.0,3.0,0.0,22.0,46.0,5.0,8.0,17.0,10.0,0.653846154,414.0,1.0,0.0,0.8235294120000001,0.22448979600000002,2.0,6.0,28.28571429,14.0,2.5,1.0
7.0,3.0,0.0,15.0,25.0,0.0,3.0,13.0,6.0,0.5,118.0,1.0,1.0,0.9032258059999999,0.28571428600000004,1.0,6.0,15.57142857,5.0,1.4286,1.0
20.0,3.0,2.0,35.0,72.0,120.0,14.0,24.0,19.0,0.910931174,404.0,1.0,3.0,0.759493671,0.1875,1.0,4.0,18.55,7.0,1.8,1.0
77.0,1.0,0.0,97.0,208.0,2634.0,86.0,24.0,59.0,0.938157895,3324.0,1.0,9.0,0.0,0.092857143,0.0,0.0,41.77922078,13.0,2.2468,1.0
5.0,3.0,0.0,24.0,36.0,2.0,2.0,23.0,4.0,1.0,537.0,1.0,1.0,0.9375,0.4,3.0,7.0,105.8,17.0,4.8,1.0
4.0,3.0,0.0,11.0,14.0,0.0,0.0,11.0,4.0,0.333333333,44.0,1.0,0.0,0.9594594590000001,0.4,2.0,7.0,9.75,1.0,0.75,1.0
4.0,1.0,0.0,6.0,4.0,6.0,6.0,1.0,4.0,2.0,4.0,0.0,0.0,0.0,0.625,0.0,0.0,0.0,1.0,1.0,1.0
25.0,1.0,0.0,90.0,48.0,214.0,88.0,9.0,24.0,0.8916666670000001,494.0,1.0,1.0,0.0,0.185454545,0.0,0.0,18.36,5.0,2.2,1.0
8.0,6.0,0.0,26.0,43.0,0.0,1.0,25.0,8.0,0.28571428600000004,253.0,1.0,2.0,0.933962264,0.25,4.0,5.0,30.375,8.0,1.75,1.0
4.0,3.0,0.0,11.0,14.0,0.0,0.0,11.0,4.0,0.333333333,44.0,1.0,0.0,0.9594594590000001,0.4,2.0,7.0,9.75,1.0,0.75,1.0
3.0,4.0,0.0,14.0,12.0,3.0,1.0,13.0,3.0,2.0,56.0,0.0,0.0,0.9795918370000001,0.6,2.0,6.0,17.66666667,1.0,0.6667,1.0
11.0,3.0,0.0,31.0,57.0,0.0,0.0,31.0,11.0,0.2,611.0,1.0,2.0,0.87654321,0.24675324699999998,2.0,9.0,54.27272727,7.0,2.5455,1.0
12.0,3.0,0.0,37.0,50.0,0.0,1.0,36.0,11.0,0.333333333,835.0,1.0,2.0,0.8658536590000001,0.23809523800000001,2.0,8.0,68.33333333,18.0,3.25,1.0
7.0,4.0,0.0,16.0,22.0,0.0,0.0,16.0,5.0,0.625,153.0,1.0,4.0,0.926829268,0.30952381,2.0,4.0,20.28571429,6.0,1.7143,1.0
29.0,1.0,0.0,42.0,151.0,274.0,4.0,40.0,10.0,0.8392857140000001,3138.0,1.0,7.0,0.0,0.163793103,0.0,0.0,106.51724140000002,41.0,6.069,1.0
4.0,3.0,0.0,12.0,12.0,6.0,3.0,10.0,3.0,2.0,43.0,0.0,0.0,0.949152542,0.4,1.0,4.0,9.75,1.0,0.75,1.0
4.0,3.0,2.0,17.0,5.0,6.0,12.0,6.0,4.0,2.0,7.0,0.0,0.0,0.9594594590000001,0.4375,2.0,4.0,0.75,1.0,0.75,1.0
9.0,2.0,0.0,9.0,23.0,36.0,9.0,9.0,0.0,2.0,82.0,0.0,0.0,0.529411765,0.444444444,0.0,0.0,8.111111111,1.0,0.8889,1.0
5.0,4.0,0.0,23.0,46.0,10.0,5.0,19.0,4.0,1.25,379.0,0.0,0.0,0.947368421,0.37142857100000004,2.0,7.0,73.8,16.0,4.6,1.0
5.0,3.0,0.0,21.0,33.0,0.0,2.0,20.0,4.0,0.41666666700000005,237.0,1.0,1.0,0.933333333,0.333333333,2.0,6.0,45.8,4.0,2.0,1.0
5.0,3.0,0.0,15.0,40.0,4.0,1.0,15.0,4.0,0.5,224.0,1.0,1.0,0.9375,0.36,2.0,5.0,43.6,12.0,3.0,1.0
3.0,4.0,0.0,17.0,19.0,1.0,0.0,17.0,3.0,0.5,107.0,1.0,1.0,0.9795918370000001,0.444444444,3.0,14.0,34.0,1.0,0.6667,1.0
7.0,3.0,0.0,17.0,16.0,1.0,1.0,16.0,7.0,0.333333333,70.0,1.0,0.0,0.922077922,0.37142857100000004,2.0,8.0,8.857142857000001,2.0,1.1429,1.0
8.0,3.0,0.0,18.0,18.0,4.0,7.0,11.0,5.0,0.571428571,75.0,1.0,0.0,0.922077922,0.325,2.0,8.0,8.125,1.0,0.75,1.0
1.0,6.0,0.0,1.0,2.0,0.0,1.0,1.0,1.0,2.0,6.0,0.0,0.0,1.0,1.0,0.0,0.0,5.0,0.0,0.0,1.0
4.0,3.0,0.0,8.0,8.0,6.0,1.0,7.0,3.0,1.0,30.0,1.0,0.0,0.9523809520000001,0.4,2.0,4.0,6.0,1.0,0.75,1.0
8.0,4.0,0.0,15.0,27.0,0.0,1.0,14.0,8.0,0.14285714300000002,135.0,1.0,2.0,0.925531915,0.270833333,2.0,3.0,15.625,2.0,1.0,1.0
3.0,4.0,0.0,8.0,11.0,0.0,0.0,8.0,3.0,0.0,51.0,1.0,1.0,0.9795918370000001,0.444444444,3.0,13.0,15.66666667,2.0,1.0,1.0
4.0,3.0,0.0,19.0,31.0,0.0,5.0,15.0,4.0,0.833333333,132.0,1.0,0.0,0.949152542,0.41666666700000005,1.0,4.0,31.5,4.0,2.0,1.0
5.0,3.0,0.0,22.0,38.0,0.0,0.0,22.0,4.0,0.5,205.0,1.0,1.0,0.933333333,0.333333333,2.0,7.0,39.6,6.0,2.0,1.0
7.0,3.0,3.0,18.0,25.0,0.0,10.0,11.0,7.0,0.41666666700000005,175.0,1.0,2.0,0.934210526,0.35714285700000004,2.0,4.0,23.71428571,3.0,1.1429,1.0
3.0,4.0,0.0,21.0,26.0,0.0,0.0,21.0,3.0,0.166666667,246.0,1.0,3.0,0.9795918370000001,0.444444444,3.0,14.0,80.0,4.0,1.6667,1.0
3.0,5.0,0.0,9.0,11.0,3.0,0.0,9.0,3.0,2.0,37.0,0.0,0.0,0.99,0.533333333,3.0,5.0,11.33333333,1.0,0.3333,1.0
7.0,3.0,0.0,24.0,41.0,0.0,0.0,24.0,6.0,0.083333333,276.0,1.0,1.0,0.922077922,0.30612244899999996,2.0,9.0,38.14285714,3.0,1.5714,1.0
9.0,3.0,0.0,57.0,49.0,0.0,34.0,24.0,8.0,0.583333333,536.0,1.0,2.0,0.91025641,0.3125,2.0,8.0,58.22222222,5.0,1.3333,1.0
1.0,1.0,0.0,6.0,1.0,0.0,6.0,1.0,1.0,2.0,1.0,0.0,0.0,0.0,1.0,0.0,0.0,0.0,1.0,1.0,1.0
3.0,4.0,0.0,13.0,12.0,3.0,1.0,12.0,3.0,2.0,56.0,0.0,0.0,0.9795918370000001,0.5,2.0,4.0,17.66666667,3.0,1.3333,1.0
13.0,4.0,3.0,13.0,19.0,64.0,5.0,8.0,13.0,0.854166667,107.0,1.0,1.0,0.8787878790000001,0.23076923100000002,2.0,3.0,6.923076922999999,6.0,1.4615,1.0
11.0,4.0,0.0,24.0,48.0,0.0,1.0,24.0,11.0,0.64,430.0,1.0,3.0,0.879518072,0.204545455,2.0,7.0,37.63636364,35.0,4.8182,1.0
18.0,2.0,21.0,83.0,44.0,117.0,64.0,22.0,17.0,0.8039215690000001,233.0,1.0,3.0,0.76056338,0.28571428600000004,1.0,2.0,11.77777778,6.0,1.4444,1.0
2.0,4.0,0.0,17.0,25.0,1.0,1.0,16.0,2.0,2.0,137.0,0.0,0.0,0.9870129870000001,0.625,2.0,3.0,67.5,9.0,4.5,1.0
13.0,1.0,0.0,5.0,49.0,64.0,3.0,2.0,0.0,0.916666667,699.0,0.833333333,0.0,0.0,0.3125,0.0,0.0,52.30769231,16.0,2.4615,1.0
2.0,4.0,0.0,10.0,12.0,1.0,0.0,10.0,2.0,2.0,39.0,0.0,0.0,0.9896907220000001,0.6,2.0,4.0,18.5,2.0,1.0,1.0
5.0,4.0,0.0,17.0,19.0,10.0,0.0,17.0,5.0,2.0,85.0,0.0,0.0,0.96,0.333333333,3.0,12.0,16.0,2.0,1.2,1.0
23.0,3.0,0.0,57.0,107.0,69.0,4.0,55.0,22.0,0.804545455,948.0,0.9,4.0,0.76344086,0.204968944,2.0,8.0,39.782608700000004,10.0,2.8261,1.0
6.0,4.0,0.0,35.0,46.0,3.0,11.0,28.0,5.0,2.0,274.0,0.0,0.0,0.938271605,0.4,2.0,13.0,44.66666667,8.0,3.6667,1.0
11.0,1.0,1.0,2.0,20.0,53.0,2.0,1.0,0.0,0.9,90.0,1.0,0.0,0.0,0.4,0.0,0.0,7.090909091,2.0,0.9091,1.0
7.0,3.0,0.0,24.0,34.0,0.0,1.0,23.0,7.0,0.0,168.0,1.0,1.0,0.934210526,0.28571428600000004,2.0,7.0,22.85714286,2.0,1.1429,1.0
15.0,3.0,0.0,54.0,104.0,23.0,2.0,53.0,9.0,0.7983193279999999,1314.0,1.0,8.0,0.811594203,0.214285714,2.0,3.0,85.46666667,14.0,3.1333,1.0
2.0,4.0,0.0,10.0,10.0,1.0,0.0,10.0,2.0,2.0,31.0,0.0,0.0,0.9896907220000001,0.6,2.0,5.0,14.5,1.0,0.5,1.0
7.0,3.0,0.0,17.0,41.0,15.0,0.0,17.0,5.0,0.75,205.0,1.0,1.0,0.9032258059999999,0.30952381,1.0,4.0,28.0,3.0,1.4286,1.0
3.0,3.0,0.0,25.0,37.0,3.0,3.0,23.0,2.0,2.0,245.0,0.0,0.0,0.9655172409999999,0.5,2.0,4.0,80.66666667,15.0,5.3333,1.0
8.0,3.0,0.0,28.0,63.0,0.0,1.0,27.0,7.0,0.542857143,498.0,1.0,2.0,0.8888888890000001,0.35416666700000005,1.0,9.0,60.625,14.0,3.75,1.0
5.0,2.0,10.0,24.0,17.0,10.0,14.0,10.0,4.0,2.0,56.0,0.0,0.0,0.931034483,0.44,1.0,4.0,10.2,1.0,0.8,1.0
11.0,1.0,0.0,13.0,45.0,0.0,1.0,13.0,9.0,0.6333333329999999,358.0,1.0,2.0,0.0,0.222222222,0.0,0.0,31.0,11.0,2.4545,1.0
8.0,5.0,0.0,29.0,45.0,0.0,1.0,29.0,8.0,0.14285714300000002,241.0,1.0,1.0,0.933962264,0.270833333,4.0,5.0,29.0,6.0,1.875,1.0
7.0,3.0,0.0,23.0,34.0,0.0,0.0,23.0,7.0,0.0,168.0,1.0,1.0,0.934210526,0.28571428600000004,2.0,7.0,22.85714286,2.0,1.1429,1.0
2.0,1.0,0.0,1.0,7.0,0.0,0.0,1.0,2.0,0.0,35.0,1.0,2.0,0.0,0.666666667,0.0,0.0,15.5,2.0,1.0,1.0
10.0,3.0,0.0,24.0,46.0,19.0,1.0,23.0,9.0,0.666666667,250.0,1.0,2.0,0.8615384620000001,0.2375,1.0,7.0,23.6,4.0,1.6,1.0
3.0,5.0,0.0,10.0,13.0,3.0,0.0,10.0,3.0,2.0,50.0,0.0,0.0,0.99,0.533333333,3.0,5.0,15.66666667,1.0,0.3333,1.0
62.0,1.0,0.0,26.0,151.0,1523.0,22.0,8.0,55.0,0.90811044,1407.0,0.842105263,3.0,0.0,0.115207373,0.0,0.0,21.08064516,15.0,1.7258,1.0
4.0,3.0,0.0,19.0,27.0,6.0,1.0,18.0,3.0,2.0,161.0,0.0,0.0,0.949152542,0.4,1.0,4.0,39.25,5.0,1.75,1.0
63.0,2.0,0.0,70.0,205.0,1711.0,28.0,54.0,48.0,0.9584555229999999,2600.0,0.818181818,7.0,0.465517241,0.095238095,2.0,6.0,39.74603175,12.0,2.381,1.0
5.0,3.0,0.0,15.0,41.0,4.0,0.0,15.0,4.0,0.5,230.0,1.0,1.0,0.9375,0.36,2.0,5.0,44.8,12.0,3.0,1.0
10.0,3.0,0.0,20.0,54.0,11.0,2.0,20.0,8.0,0.874074074,936.0,1.0,0.0,0.869565217,0.242857143,3.0,9.0,91.1,32.0,5.9,1.0
6.0,3.0,0.0,10.0,12.0,0.0,1.0,9.0,5.0,0.2,49.0,1.0,0.0,0.918032787,0.333333333,1.0,3.0,7.0,2.0,1.1667,1.0
2.0,4.0,0.0,11.0,13.0,1.0,0.0,11.0,2.0,2.0,44.0,0.0,0.0,0.9896907220000001,0.6,2.0,4.0,21.0,2.0,1.0,1.0
5.0,4.0,0.0,14.0,10.0,4.0,4.0,11.0,4.0,0.5,38.0,1.0,0.0,0.947368421,0.36,2.0,8.0,6.4,1.0,0.8,1.0
2.0,4.0,0.0,10.0,10.0,1.0,0.0,10.0,2.0,2.0,30.0,0.0,0.0,0.9896907220000001,0.6,2.0,4.0,14.0,1.0,0.5,1.0
7.0,3.0,0.0,13.0,30.0,0.0,0.0,13.0,7.0,0.0,106.0,1.0,1.0,0.922077922,0.28571428600000004,2.0,8.0,14.0,1.0,0.8571,1.0
1.0,3.0,0.0,0.0,2.0,0.0,0.0,0.0,1.0,2.0,6.0,0.0,0.0,1.0,1.0,0.0,0.0,4.0,0.0,0.0,1.0
8.0,3.0,0.0,20.0,36.0,0.0,2.0,19.0,6.0,0.428571429,211.0,1.0,1.0,0.8888888890000001,0.25,1.0,4.0,25.125,9.0,2.75,1.0
7.0,1.0,0.0,29.0,17.0,0.0,26.0,3.0,7.0,0.0,155.0,1.0,0.0,0.0,0.46428571399999996,0.0,0.0,21.0,4.0,1.8571,1.0
3.0,4.0,0.0,11.0,15.0,3.0,0.0,11.0,3.0,2.0,59.0,0.0,0.0,0.9795918370000001,0.444444444,3.0,13.0,18.66666667,3.0,1.3333,1.0
5.0,4.0,3.0,17.0,21.0,0.0,3.0,14.0,5.0,0.25,149.0,1.0,2.0,0.96969697,0.36666666700000006,3.0,14.0,28.4,4.0,1.2,1.0
11.0,3.0,0.0,18.0,43.0,0.0,0.0,18.0,10.0,0.6333333329999999,375.0,0.666666667,2.0,0.8875,0.257142857,2.0,9.0,32.54545455,8.0,2.4545,1.0
4.0,4.0,0.0,17.0,17.0,0.0,0.0,17.0,4.0,0.666666667,84.0,1.0,2.0,0.96969697,0.375,3.0,8.0,19.5,2.0,1.0,1.0
3.0,3.0,0.0,4.0,14.0,1.0,0.0,4.0,2.0,0.5,37.0,1.0,1.0,0.9655172409999999,0.5555555560000001,1.0,4.0,11.0,1.0,0.6667,1.0
6.0,3.0,0.0,37.0,56.0,0.0,1.0,36.0,5.0,0.55,586.0,1.0,4.0,0.923076923,0.36111111100000004,2.0,5.0,96.0,5.0,1.6667,1.0
16.0,4.0,0.0,37.0,79.0,10.0,5.0,35.0,13.0,0.566666667,921.0,1.0,0.0,0.829545455,0.23214285699999998,2.0,9.0,56.3125,18.0,3.4375,1.0
3.0,4.0,0.0,15.0,14.0,0.0,0.0,15.0,3.0,0.0,63.0,1.0,1.0,0.9795918370000001,0.444444444,3.0,13.0,19.66666667,1.0,0.6667,1.0
24.0,3.0,0.0,27.0,83.0,148.0,10.0,22.0,23.0,0.85770751,583.0,1.0,4.0,0.7228915659999999,0.13636363599999998,2.0,8.0,22.83333333,13.0,2.3333,1.0
10.0,1.0,0.0,57.0,18.0,17.0,57.0,0.0,10.0,0.7777777779999999,106.0,1.0,0.0,0.0,0.4,1.0,1.0,9.1,2.0,1.0,1.0
5.0,4.0,0.0,18.0,22.0,4.0,0.0,18.0,5.0,0.25,126.0,1.0,2.0,0.96,0.4,3.0,14.0,23.8,1.0,0.8,1.0
3.0,4.0,0.0,19.0,32.0,0.0,1.0,18.0,3.0,0.5,161.0,0.0,1.0,0.974358974,0.5,2.0,3.0,52.33333333,8.0,3.0,1.0
5.0,3.0,0.0,29.0,45.0,4.0,1.0,29.0,4.0,0.5,267.0,1.0,1.0,0.933333333,0.333333333,1.0,6.0,52.2,4.0,1.8,1.0
29.0,3.0,24.0,64.0,152.0,128.0,25.0,39.0,15.0,0.9326530609999999,2586.0,0.857142857,4.0,0.731958763,0.11428571400000001,3.0,11.0,86.96551724,20.0,3.2759,1.0
8.0,4.0,0.0,40.0,70.0,8.0,11.0,34.0,7.0,0.7142857140000001,435.0,1.0,0.0,0.915662651,0.267857143,3.0,18.0,53.25,8.0,2.625,1.0
8.0,3.0,0.0,23.0,59.0,2.0,2.0,22.0,6.0,0.6190476189999999,392.0,1.0,2.0,0.8888888890000001,0.270833333,1.0,6.0,47.625,10.0,3.5,1.0
3.0,4.0,0.0,16.0,17.0,0.0,0.0,16.0,3.0,0.0,108.0,1.0,2.0,0.9795918370000001,0.444444444,3.0,13.0,34.33333333,1.0,0.6667,1.0
2.0,4.0,0.0,10.0,10.0,1.0,0.0,10.0,2.0,2.0,26.0,0.0,0.0,0.9896907220000001,0.6,2.0,4.0,12.0,1.0,0.5,1.0
3.0,2.0,26.0,36.0,9.0,3.0,28.0,8.0,2.0,2.0,24.0,0.0,0.0,0.9642857140000001,0.5,1.0,2.0,7.0,1.0,0.6667,1.0
2.0,3.0,2.0,11.0,8.0,1.0,8.0,5.0,1.0,2.0,44.0,0.0,0.0,0.9861111109999999,0.5,0.0,0.0,21.0,3.0,1.5,1.0
7.0,7.0,0.0,23.0,40.0,1.0,0.0,23.0,7.0,0.583333333,297.0,1.0,0.0,0.951612903,0.314285714,5.0,11.0,41.14285714,4.0,1.5714,1.0
4.0,3.0,0.0,26.0,38.0,0.0,1.0,25.0,3.0,0.333333333,221.0,1.0,1.0,0.949152542,0.4,2.0,6.0,53.75,5.0,2.0,1.0
8.0,3.0,0.0,26.0,58.0,6.0,3.0,25.0,7.0,0.80952381,314.0,1.0,3.0,0.895522388,0.3,2.0,5.0,37.5,9.0,2.5,1.0
1.0,5.0,3.0,7.0,2.0,0.0,6.0,1.0,0.0,2.0,4.0,0.0,0.0,1.0,1.0,0.0,0.0,3.0,0.0,0.0,1.0
1.0,6.0,0.0,1.0,2.0,0.0,0.0,1.0,1.0,2.0,6.0,0.0,0.0,1.0,1.0,0.0,0.0,5.0,0.0,0.0,1.0
6.0,3.0,0.0,39.0,72.0,0.0,3.0,37.0,5.0,0.52,550.0,1.0,2.0,0.918032787,0.305555556,2.0,10.0,89.83333333,30.0,7.5,1.0
5.0,3.0,0.0,17.0,28.0,0.0,3.0,15.0,4.0,0.25,129.0,1.0,1.0,0.933333333,0.333333333,1.0,5.0,24.4,5.0,1.8,1.0
18.0,3.0,0.0,45.0,93.0,89.0,6.0,44.0,11.0,0.81372549,946.0,1.0,1.0,0.767123288,0.18888888899999998,2.0,9.0,51.22222222,24.0,5.8333,1.0
2.0,4.0,0.0,7.0,6.0,1.0,0.0,7.0,2.0,2.0,13.0,0.0,0.0,0.9896907220000001,0.625,2.0,4.0,5.5,1.0,0.5,1.0
6.0,3.0,0.0,28.0,55.0,3.0,2.0,27.0,5.0,0.6,318.0,1.0,2.0,0.918032787,0.36111111100000004,1.0,6.0,51.66666667,9.0,2.6667,1.0
14.0,3.0,0.0,30.0,79.0,79.0,1.0,29.0,7.0,1.0307692309999998,805.0,0.3,0.0,0.8219178079999999,0.20714285699999999,2.0,6.0,55.78571429,11.0,3.5714,1.0
7.0,4.0,0.0,19.0,38.0,7.0,0.0,19.0,5.0,0.45833333299999995,272.0,1.0,1.0,0.9411764709999999,0.28571428600000004,3.0,13.0,37.28571429,12.0,3.2857,1.0
4.0,3.0,0.0,2.0,9.0,0.0,2.0,0.0,4.0,0.833333333,41.0,0.5,0.0,0.944444444,0.5,1.0,1.0,8.75,2.0,0.5,1.0
7.0,2.0,0.0,18.0,35.0,7.0,1.0,18.0,6.0,0.666666667,196.0,1.0,1.0,0.9,0.253968254,1.0,5.0,26.57142857,5.0,1.5714,1.0
3.0,4.0,0.0,22.0,24.0,0.0,0.0,22.0,3.0,0.0,191.0,1.0,4.0,0.9795918370000001,0.444444444,3.0,13.0,61.33333333,3.0,1.3333,1.0
3.0,4.0,0.0,13.0,17.0,3.0,0.0,13.0,3.0,2.0,75.0,0.0,0.0,0.9795918370000001,0.444444444,3.0,13.0,24.0,3.0,1.3333,1.0
0.0,1.0,0.0,6.0,0.0,0.0,5.0,1.0,0.0,2.0,218.0,0.0,0.0,0.0,0.0,0.0,0.0,0.0,0.0,0.0,1.0
9.0,5.0,2.0,25.0,29.0,22.0,3.0,23.0,9.0,0.75,214.0,1.0,1.0,0.925233645,0.25925925899999996,3.0,4.0,22.44444444,2.0,1.0,1.0
2.0,3.0,0.0,0.0,3.0,1.0,0.0,0.0,2.0,2.0,1243.0,0.0,0.0,0.974358974,1.0,0.0,0.0,620.5,1.0,0.5,1.0
9.0,2.0,0.0,13.0,20.0,36.0,1.0,13.0,8.0,2.0,85.0,0.0,0.0,0.804878049,0.351851852,2.0,3.0,8.444444444,2.0,1.2222,1.0
3.0,2.0,2.0,5.0,4.0,3.0,4.0,1.0,3.0,2.0,10.0,0.0,0.0,0.942857143,1.0,0.0,0.0,2.333333333,1.0,0.6667,1.0
3.0,4.0,0.0,5.0,5.0,1.0,1.0,4.0,3.0,1.0,25.0,1.0,0.0,0.975903614,0.46666666700000003,0.0,0.0,6.666666667,1.0,0.6667,1.0
18.0,1.0,0.0,61.0,33.0,29.0,61.0,2.0,14.0,1.0241596640000001,489.0,0.053571429000000004,0.0,0.0,0.33613445399999997,0.0,0.0,19.94444444,3.0,0.7222,1.0
20.0,1.0,0.0,53.0,45.0,188.0,51.0,2.0,19.0,0.947368421,326.0,1.0,0.0,0.0,0.236842105,0.0,0.0,15.25,5.0,1.95,1.0
36.0,1.0,10.0,113.0,60.0,622.0,104.0,20.0,34.0,0.99047619,367.0,0.0,16.0,0.0,0.2,0.0,0.0,8.694444444,5.0,1.1667,1.0
2.0,3.0,0.0,0.0,3.0,1.0,0.0,0.0,2.0,2.0,1243.0,0.0,0.0,0.974358974,1.0,0.0,0.0,620.5,1.0,0.5,1.0
2.0,3.0,0.0,0.0,3.0,1.0,0.0,0.0,2.0,2.0,1243.0,0.0,0.0,0.974358974,1.0,0.0,0.0,620.5,1.0,0.5,1.0
2.0,3.0,0.0,0.0,3.0,1.0,0.0,0.0,2.0,2.0,1243.0,0.0,0.0,0.974358974,1.0,0.0,0.0,620.5,1.0,0.5,1.0
2.0,3.0,1.0,1.0,3.0,1.0,1.0,0.0,2.0,2.0,1360.0,0.0,0.0,0.974358974,1.0,0.0,0.0,679.0,1.0,0.5,1.0
2.0,3.0,0.0,0.0,3.0,1.0,0.0,0.0,2.0,2.0,1243.0,0.0,0.0,0.974358974,1.0,0.0,0.0,620.5,1.0,0.5,1.0
13.0,5.0,0.0,12.0,20.0,54.0,3.0,9.0,12.0,0.9,119.0,1.0,0.0,0.926174497,0.21875,2.0,5.0,7.384615385,2.0,0.9231,1.0
9.0,2.0,0.0,9.0,23.0,36.0,9.0,9.0,0.0,2.0,82.0,0.0,0.0,0.529411765,0.444444444,0.0,0.0,8.111111111,1.0,0.8889,1.0
2.0,3.0,0.0,0.0,3.0,1.0,0.0,0.0,2.0,2.0,1243.0,0.0,0.0,0.974358974,1.0,0.0,0.0,620.5,1.0,0.5,1.0
19.0,2.0,0.0,41.0,47.0,151.0,18.0,27.0,17.0,1.0,286.0,0.0,0.0,0.647058824,0.247368421,2.0,4.0,14.0,4.0,1.3158,1.0
2.0,3.0,0.0,0.0,3.0,1.0,0.0,0.0,2.0,2.0,1243.0,0.0,0.0,0.974358974,1.0,0.0,0.0,620.5,1.0,0.5,1.0
14.0,2.0,0.0,10.0,29.0,0.0,8.0,2.0,14.0,0.269230769,332.0,1.0,1.0,0.7857142859999999,0.41071428600000004,1.0,1.0,22.57142857,6.0,1.6429,1.0
10.0,5.0,0.0,9.0,16.0,27.0,1.0,8.0,9.0,0.8444444440000001,79.0,1.0,0.0,0.9452054790000001,0.26388888899999996,2.0,5.0,6.4,2.0,0.9,1.0
11.0,5.0,0.0,16.0,23.0,37.0,3.0,13.0,10.0,0.916666667,141.0,1.0,0.0,0.93877551,0.225,2.0,5.0,10.72727273,2.0,0.9091,1.0
2.0,3.0,0.0,0.0,3.0,1.0,0.0,0.0,2.0,2.0,1243.0,0.0,0.0,0.974358974,1.0,0.0,0.0,620.5,1.0,0.5,1.0
4.0,5.0,0.0,9.0,9.0,6.0,2.0,7.0,4.0,1.333333333,41.0,1.0,0.0,0.978723404,0.4375,2.0,3.0,8.75,2.0,1.0,1.0
13.0,1.0,0.0,3.0,49.0,64.0,1.0,2.0,0.0,0.916666667,699.0,0.833333333,0.0,0.0,0.3125,0.0,0.0,52.30769231,16.0,2.4615,1.0
2.0,3.0,0.0,0.0,3.0,1.0,0.0,0.0,2.0,2.0,1243.0,0.0,0.0,0.974358974,1.0,0.0,0.0,620.5,1.0,0.5,1.0
2.0,3.0,0.0,0.0,3.0,1.0,0.0,0.0,2.0,2.0,1243.0,0.0,0.0,0.974358974,1.0,0.0,0.0,620.5,1.0,0.5,1.0
20.0,2.0,0.0,42.0,46.0,184.0,19.0,30.0,19.0,2.0,630.0,0.0,0.0,0.634615385,0.23076923100000002,2.0,4.0,30.5,16.0,2.25,1.0
11.0,1.0,1.0,2.0,20.0,53.0,2.0,1.0,0.0,0.9,90.0,1.0,0.0,0.0,0.4,0.0,0.0,7.090909091,2.0,0.9091,1.0
2.0,3.0,0.0,0.0,3.0,1.0,0.0,0.0,2.0,2.0,1243.0,0.0,0.0,0.974358974,1.0,0.0,0.0,620.5,1.0,0.5,1.0
4.0,5.0,0.0,0.0,8.0,6.0,0.0,0.0,4.0,1.333333333,21.0,0.0,0.0,0.9638554220000001,0.625,0.0,0.0,4.0,1.0,0.75,1.0
2.0,3.0,0.0,0.0,3.0,1.0,0.0,0.0,2.0,2.0,1243.0,0.0,0.0,0.974358974,1.0,0.0,0.0,620.5,1.0,0.5,1.0
28.0,3.0,0.0,46.0,64.0,374.0,8.0,40.0,26.0,1.0,426.0,0.0,0.0,0.564516129,0.181547619,1.0,3.0,14.17857143,10.0,1.6786,1.0
2.0,3.0,0.0,0.0,3.0,1.0,0.0,0.0,2.0,2.0,1243.0,0.0,0.0,0.974358974,1.0,0.0,0.0,620.5,1.0,0.5,1.0
5.0,5.0,0.0,7.0,8.0,6.0,0.0,7.0,5.0,0.916666667,41.0,1.0,0.0,0.971830986,0.325,1.0,2.0,6.6,1.0,0.8,1.0
2.0,3.0,0.0,0.0,3.0,1.0,0.0,0.0,2.0,2.0,1243.0,0.0,0.0,0.974358974,1.0,0.0,0.0,620.5,1.0,0.5,1.0
17.0,2.0,0.0,30.0,51.0,86.0,8.0,23.0,14.0,0.729166667,257.0,0.666666667,0.0,0.6875,0.22875817,2.0,3.0,13.94117647,2.0,1.1176,1.0
2.0,4.0,0.0,3.0,3.0,1.0,1.0,2.0,2.0,2.0,13.0,0.0,0.0,0.9878048779999999,0.6,0.0,0.0,5.5,1.0,0.5,1.0
21.0,2.0,0.0,42.0,49.0,190.0,16.0,29.0,19.0,2.0,470.0,0.0,0.0,0.622641509,0.23809523800000001,2.0,4.0,21.38095238,7.0,1.5714,1.0
28.0,3.0,0.0,42.0,61.0,370.0,13.0,34.0,26.0,1.0,533.0,0.0,0.0,0.564516129,0.181547619,1.0,3.0,18.0,10.0,1.8214,1.0
10.0,3.0,4.0,124.0,15.0,27.0,120.0,5.0,10.0,0.9027777779999999,88.0,1.0,2.0,0.8875,0.28,0.0,0.0,7.0,1.0,0.9,1.0
4.0,4.0,0.0,6.0,6.0,2.0,2.0,4.0,3.0,0.666666667,29.0,1.0,0.0,0.975903614,0.46666666700000003,0.0,0.0,5.75,1.0,0.5,1.0
29.0,4.0,6.0,137.0,54.0,360.0,122.0,16.0,29.0,0.978316327,453.0,1.0,1.0,0.7759999999999999,0.15047021900000002,1.0,2.0,13.65517241,4.0,1.2759,1.0
21.0,2.0,0.0,49.0,56.0,208.0,17.0,36.0,19.0,0.95,317.0,0.0,0.0,0.622641509,0.21645021600000003,1.0,2.0,14.04761905,4.0,1.4762,1.0
2.0,3.0,0.0,0.0,3.0,1.0,0.0,0.0,2.0,2.0,1243.0,0.0,0.0,0.974358974,1.0,0.0,0.0,620.5,1.0,0.5,1.0
22.0,2.0,0.0,40.0,59.0,185.0,9.0,33.0,21.0,0.523809524,751.0,1.0,0.0,0.622641509,0.199300699,2.0,4.0,33.09090909,7.0,1.5909,1.0
7.0,3.0,0.0,89.0,13.0,0.0,88.0,2.0,7.0,0.444444444,99.0,0.0,2.0,0.85,0.37142857100000004,1.0,2.0,12.71428571,3.0,0.7143,1.0
3.0,3.0,0.0,2.0,11.0,3.0,2.0,0.0,3.0,1.5,62.0,0.0,0.0,0.95,0.833333333,1.0,2.0,19.33333333,5.0,2.3333,1.0
2.0,4.0,0.0,1.0,3.0,1.0,0.0,1.0,2.0,2.0,1009.0,0.0,0.0,0.975,1.0,0.0,0.0,503.5,1.0,0.5,1.0
22.0,2.0,0.0,42.0,54.0,199.0,13.0,32.0,20.0,0.571428571,466.0,1.0,0.0,0.622641509,0.21590909100000003,2.0,4.0,20.13636364,7.0,1.4091,1.0
4.0,1.0,0.0,4.0,16.0,0.0,1.0,3.0,3.0,0.5,242.0,1.0,0.0,0.0,0.4375,0.0,0.0,58.5,6.0,3.0,1.0
4.0,4.0,0.0,5.0,6.0,4.0,1.0,4.0,4.0,0.666666667,26.0,1.0,0.0,0.9642857140000001,0.45,0.0,0.0,5.25,1.0,0.75,1.0
8.0,5.0,0.0,11.0,15.0,18.0,1.0,10.0,7.0,0.961038961,120.0,1.0,0.0,0.958333333,0.47619047600000003,1.0,2.0,12.625,1.0,0.75,1.0
2.0,3.0,0.0,0.0,3.0,1.0,0.0,0.0,2.0,2.0,1243.0,0.0,0.0,0.974358974,1.0,0.0,0.0,620.5,1.0,0.5,1.0
3.0,1.0,0.0,6.0,4.0,0.0,5.0,1.0,3.0,0.5625,65.0,0.0,1.0,0.0,0.571428571,0.0,0.0,18.0,0.0,0.0,1.0
5.0,1.0,0.0,4.0,6.0,0.0,4.0,1.0,5.0,0.6875,82.0,0.0,1.0,0.0,0.666666667,0.0,0.0,13.8,0.0,0.0,1.0
18.0,1.0,0.0,45.0,41.0,0.0,30.0,16.0,17.0,0.294117647,438.0,1.0,1.0,0.0,0.163194444,0.0,0.0,23.22222222,4.0,2.3333,1.0
1.0,2.0,0.0,8.0,2.0,0.0,3.0,5.0,1.0,2.0,10.0,0.0,0.0,0.0,1.0,0.0,0.0,9.0,0.0,0.0,1.0
3.0,1.0,0.0,6.0,3.0,3.0,3.0,3.0,3.0,2.0,3.0,0.0,0.0,0.0,0.5,0.0,0.0,0.0,1.0,1.0,1.0
1.0,1.0,0.0,4.0,1.0,0.0,2.0,2.0,1.0,2.0,1.0,0.0,0.0,0.0,1.0,0.0,0.0,0.0,1.0,1.0,1.0
9.0,1.0,0.0,19.0,59.0,16.0,1.0,18.0,9.0,0.7857142859999999,680.0,0.0,0.0,0.0,0.28571428600000004,0.0,0.0,73.77777778,10.0,2.3333,1.0
1.0,1.0,1.0,8.0,2.0,0.0,4.0,4.0,1.0,2.0,28.0,0.0,4.0,0.0,1.0,0.0,0.0,21.0,0.0,0.0,1.0
1.0,1.0,0.0,4.0,1.0,0.0,2.0,2.0,1.0,2.0,1.0,0.0,0.0,0.0,1.0,0.0,0.0,0.0,1.0,1.0,1.0
3.0,1.0,0.0,7.0,15.0,3.0,4.0,3.0,3.0,1.0,183.0,0.0,3.0,0.0,0.38888888899999996,0.0,0.0,58.66666667,5.0,3.3333,1.0
2.0,1.0,0.0,4.0,2.0,1.0,2.0,2.0,2.0,2.0,2.0,0.0,0.0,0.0,1.0,0.0,0.0,0.0,1.0,1.0,1.0
4.0,8.0,0.0,9.0,15.0,2.0,2.0,7.0,3.0,0.666666667,98.0,0.666666667,1.0,0.978571429,0.4375,2.0,2.0,22.75,4.0,1.5,1.0
138.0,2.0,0.0,114.0,428.0,8413.0,63.0,67.0,130.0,0.950364964,3670.0,0.7333333329999999,17.0,0.08666666699999999,0.05200341,1.0,2.0,25.26811594,5.0,1.3333,1.0
10.0,1.0,0.0,8.0,21.0,0.0,1.0,8.0,10.0,0.7111111109999999,205.0,0.0,5.0,0.0,0.4,0.0,0.0,18.5,3.0,1.7,1.0
36.0,1.0,0.0,8.0,102.0,0.0,1.0,8.0,33.0,0.8482142859999999,931.0,0.9375,2.0,0.0,0.176623377,0.0,0.0,24.41666667,7.0,1.1944,1.0
1.0,1.0,0.0,0.0,2.0,0.0,0.0,0.0,1.0,2.0,16.0,0.0,1.0,0.0,1.0,0.0,0.0,12.0,0.0,0.0,1.0
1.0,1.0,0.0,0.0,2.0,0.0,0.0,0.0,1.0,2.0,5.0,0.0,0.0,0.0,1.0,0.0,0.0,3.0,0.0,0.0,1.0
0.0,1.0,0.0,2.0,0.0,0.0,2.0,0.0,0.0,2.0,0.0,0.0,0.0,0.0,0.0,0.0,0.0,0.0,0.0,0.0,1.0
8.0,1.0,0.0,16.0,44.0,8.0,2.0,15.0,4.0,0.607142857,268.0,1.0,1.0,0.0,0.321428571,0.0,0.0,32.0,5.0,2.0,1.0
4.0,2.0,0.0,7.0,24.0,0.0,1.0,6.0,2.0,0.444444444,146.0,0.0,2.0,0.727272727,0.5625,1.0,4.0,34.75,1.0,0.75,1.0
8.0,2.0,0.0,4.0,38.0,0.0,1.0,3.0,7.0,0.5,183.0,1.0,1.0,0.8292682929999999,0.25,1.0,6.0,21.625,2.0,1.125,1.0
1.0,1.0,0.0,2.0,2.0,0.0,2.0,0.0,1.0,2.0,20.0,0.0,0.0,0.0,1.0,0.0,0.0,15.0,0.0,0.0,1.0
7.0,1.0,0.0,6.0,7.0,21.0,3.0,3.0,7.0,2.0,7.0,0.0,0.0,0.0,1.0,0.0,0.0,0.0,1.0,1.0,1.0
1.0,1.0,0.0,2.0,1.0,0.0,1.0,1.0,1.0,2.0,1.0,0.0,0.0,0.0,1.0,0.0,0.0,0.0,1.0,1.0,1.0
3.0,1.0,0.0,5.0,8.0,0.0,1.0,4.0,0.0,0.833333333,84.0,0.0,2.0,0.0,0.46666666700000003,0.0,0.0,25.0,4.0,2.0,1.0
2.0,1.0,0.0,7.0,24.0,1.0,3.0,4.0,2.0,2.0,109.0,0.0,0.0,0.0,0.5,0.0,0.0,53.5,1.0,0.5,1.0
4.0,1.0,0.0,3.0,11.0,4.0,1.0,3.0,0.0,1.095238095,357.0,0.428571429,3.0,0.0,0.428571429,0.0,0.0,86.5,7.0,3.5,1.0
2.0,1.0,0.0,10.0,14.0,0.0,2.0,8.0,2.0,0.0,104.0,1.0,0.0,0.0,0.583333333,0.0,0.0,50.5,1.0,0.5,1.0
1.0,1.0,0.0,6.0,10.0,0.0,3.0,4.0,0.0,2.0,80.0,0.0,3.0,0.0,1.0,0.0,0.0,71.0,0.0,0.0,1.0
3.0,7.0,0.0,15.0,26.0,0.0,0.0,15.0,2.0,0.3,172.0,0.6,3.0,0.985185185,0.444444444,3.0,4.0,54.66666667,6.0,3.0,1.0
5.0,3.0,0.0,7.0,23.0,8.0,3.0,5.0,2.0,1.0,199.0,0.333333333,1.0,0.904761905,0.44,0.0,0.0,38.2,2.0,1.2,1.0
2.0,1.0,0.0,13.0,31.0,0.0,1.0,13.0,0.0,0.14285714300000002,217.0,0.9285714290000001,9.0,0.0,1.0,0.0,0.0,100.5,3.0,1.5,1.0
4.0,1.0,0.0,9.0,28.0,2.0,2.0,8.0,2.0,0.333333333,475.0,0.0,1.0,0.0,0.583333333,0.0,0.0,117.25,1.0,0.75,1.0
45.0,2.0,0.0,11.0,147.0,580.0,1.0,10.0,43.0,0.7333333329999999,1264.0,0.8,2.0,0.23214285699999998,0.14017094,0.0,0.0,26.75555556,3.0,1.0444,1.0
12.0,1.0,0.0,12.0,20.0,46.0,11.0,2.0,12.0,0.0,176.0,1.0,1.0,0.0,0.48958333299999995,0.0,0.0,13.58333333,1.0,0.9167,1.0
7.0,1.0,0.0,2.0,10.0,13.0,0.0,2.0,2.0,0.8611111109999999,99.0,0.75,2.0,0.0,0.571428571,0.0,0.0,11.42857143,1.0,0.8571,1.0
6.0,1.0,0.0,8.0,18.0,0.0,3.0,7.0,5.0,0.4,162.0,0.5,1.0,0.0,0.45833333299999995,0.0,0.0,25.66666667,4.0,1.6667,1.0
4.0,1.0,0.0,5.0,21.0,6.0,1.0,4.0,3.0,2.0,153.0,0.0,0.0,0.0,0.4,0.0,0.0,37.25,1.0,0.75,1.0
2.0,1.0,0.0,0.0,3.0,1.0,0.0,0.0,1.0,2.0,7.0,0.0,0.0,0.0,1.0,0.0,0.0,2.5,1.0,0.5,1.0
2.0,4.0,1.0,9.0,14.0,1.0,2.0,7.0,1.0,2.0,51.0,0.0,0.0,0.995260664,0.625,2.0,2.0,24.0,1.0,0.5,1.0
2.0,5.0,0.0,8.0,14.0,1.0,1.0,7.0,1.0,2.0,51.0,0.0,0.0,0.995283019,0.625,2.0,2.0,24.0,1.0,0.5,1.0
73.0,2.0,0.0,41.0,162.0,2302.0,22.0,22.0,38.0,0.9431423609999999,1420.0,0.71875,6.0,0.19101123600000003,0.106164384,1.0,1.0,18.01369863,7.0,1.3151,1.0
6.0,5.0,0.0,27.0,27.0,15.0,1.0,26.0,4.0,1.2,230.0,0.0,0.0,0.97706422,0.533333333,2.0,4.0,37.16666667,7.0,1.8333,1.0
3.0,4.0,0.0,7.0,19.0,3.0,1.0,6.0,2.0,1.5,55.0,0.0,0.0,0.990566038,0.666666667,2.0,3.0,17.0,1.0,0.6667,1.0
2.0,5.0,0.0,8.0,8.0,1.0,1.0,7.0,2.0,2.0,58.0,0.0,0.0,0.9953271029999999,0.625,1.0,1.0,27.5,1.0,0.5,1.0
4.0,4.0,7.0,13.0,24.0,6.0,8.0,5.0,3.0,1.333333333,97.0,0.0,0.0,0.9859154929999999,0.55,1.0,2.0,23.0,1.0,0.75,1.0
4.0,4.0,0.0,9.0,32.0,6.0,2.0,9.0,3.0,1.333333333,122.0,0.0,0.0,0.9859154929999999,0.625,1.0,1.0,29.25,1.0,0.75,1.0
23.0,3.0,0.0,15.0,74.0,113.0,4.0,12.0,21.0,0.876033058,899.0,0.545454545,0.0,0.47619047600000003,0.202898551,1.0,2.0,37.60869565,19.0,1.7391,1.0
3.0,4.0,0.0,10.0,34.0,3.0,1.0,9.0,1.0,1.5,170.0,0.0,0.0,0.990566038,0.666666667,1.0,1.0,55.33333333,1.0,0.6667,1.0
44.0,1.0,0.0,14.0,94.0,830.0,4.0,10.0,1.0,0.9670091940000001,2030.0,0.162790698,2.0,0.0,0.328165375,0.0,0.0,44.15909091,19.0,1.5227,1.0
4.0,5.0,0.0,4.0,6.0,0.0,2.0,2.0,3.0,0.833333333,24.0,0.5,0.0,0.986486486,0.5,0.0,0.0,4.5,1.0,0.75,1.0
8.0,4.0,1.0,11.0,50.0,22.0,2.0,9.0,4.0,0.7857142859999999,287.0,0.5,0.0,0.967741935,0.425,1.0,1.0,34.625,1.0,0.875,1.0
1.0,6.0,0.0,2.0,2.0,0.0,1.0,1.0,1.0,2.0,5.0,0.0,0.0,1.0,1.0,0.0,0.0,3.0,0.0,0.0,1.0
2.0,4.0,0.0,6.0,18.0,1.0,1.0,5.0,1.0,2.0,92.0,0.0,0.0,0.995260664,0.625,3.0,4.0,44.5,1.0,0.5,1.0
6.0,2.0,0.0,27.0,47.0,3.0,5.0,25.0,2.0,0.7875,2717.0,0.03125,0.0,0.848484848,0.444444444,1.0,1.0,446.5,38.0,7.0,1.0
15.0,3.0,11.0,21.0,50.0,101.0,16.0,7.0,10.0,0.904761905,295.0,0.666666667,2.0,0.933333333,0.348148148,0.0,0.0,18.46666667,1.0,0.9333,1.0
2.0,5.0,0.0,6.0,8.0,1.0,1.0,5.0,0.0,2.0,20.0,0.0,0.0,0.9953271029999999,0.666666667,1.0,1.0,8.5,1.0,0.5,1.0
3.0,5.0,0.0,6.0,10.0,3.0,1.0,5.0,1.0,1.5,31.0,0.0,0.0,0.9906976740000001,0.583333333,1.0,2.0,9.0,1.0,0.6667,1.0
1.0,4.0,0.0,3.0,2.0,0.0,2.0,1.0,1.0,2.0,5.0,0.0,0.0,1.0,1.0,0.0,0.0,3.0,0.0,0.0,1.0
3.0,5.0,0.0,2.0,4.0,3.0,1.0,1.0,1.0,1.5,11.0,0.0,0.0,0.9909502259999999,1.0,1.0,1.0,2.333333333,1.0,0.6667,1.0
3.0,5.0,0.0,7.0,10.0,3.0,1.0,6.0,2.0,1.5,41.0,0.0,0.0,0.9906976740000001,0.583333333,2.0,4.0,12.33333333,1.0,0.6667,1.0
5.0,5.0,1.0,18.0,77.0,10.0,2.0,17.0,3.0,1.25,482.0,0.0,0.0,0.98156682,0.48,4.0,6.0,95.2,3.0,1.2,1.0
2.0,4.0,0.0,7.0,13.0,1.0,1.0,6.0,1.0,2.0,36.0,0.0,0.0,0.995260664,0.625,2.0,3.0,16.5,1.0,0.5,1.0
37.0,1.0,1.0,8.0,57.0,440.0,6.0,4.0,3.0,0.793209877,812.0,0.7222222220000001,3.0,0.0,0.28918918899999996,0.0,0.0,20.45945946,15.0,2.2162,1.0
5.0,4.0,0.0,9.0,31.0,2.0,2.0,7.0,4.0,0.5625,152.0,0.75,1.0,0.981308411,0.4,1.0,2.0,28.6,1.0,0.8,1.0
14.0,4.0,0.0,9.0,40.0,0.0,1.0,8.0,13.0,0.576923077,175.0,0.5,1.0,0.941704036,0.295918367,2.0,3.0,11.35714286,1.0,0.9286,1.0
3.0,5.0,0.0,6.0,10.0,3.0,1.0,5.0,1.0,1.5,31.0,0.0,0.0,0.9906976740000001,0.583333333,1.0,2.0,9.0,1.0,0.6667,1.0
7.0,1.0,0.0,12.0,37.0,21.0,5.0,7.0,7.0,2.0,256.0,0.0,0.0,0.0,0.404761905,0.0,0.0,35.57142857,4.0,1.2857,1.0
0.0,1.0,0.0,4.0,0.0,0.0,3.0,1.0,0.0,2.0,0.0,0.0,0.0,0.0,0.0,0.0,0.0,0.0,0.0,0.0,1.0
9.0,1.0,0.0,3.0,9.0,36.0,2.0,1.0,9.0,2.0,9.0,0.0,0.0,0.0,0.333333333,0.0,0.0,0.0,1.0,1.0,1.0
2.0,1.0,0.0,4.0,5.0,1.0,0.0,4.0,1.0,2.0,15.0,0.0,0.0,0.0,0.5,0.0,0.0,6.5,1.0,0.5,1.0
7.0,1.0,0.0,9.0,25.0,0.0,2.0,7.0,7.0,0.5,199.0,0.5,1.0,0.0,0.35714285700000004,0.0,0.0,27.14285714,1.0,0.8571,1.0
7.0,3.0,0.0,13.0,56.0,9.0,0.0,13.0,6.0,1.0,901.0,0.0,0.0,0.571428571,0.34920634899999997,2.0,5.0,127.42857140000001,7.0,1.8571,1.0
7.0,1.0,0.0,20.0,7.0,21.0,18.0,3.0,7.0,2.0,7.0,0.0,0.0,0.0,0.47619047600000003,0.0,0.0,0.0,1.0,1.0,1.0
2.0,2.0,0.0,9.0,11.0,0.0,1.0,8.0,2.0,0.0,53.0,1.0,1.0,0.923076923,0.625,0.0,0.0,25.0,4.0,2.0,1.0
9.0,2.0,0.0,16.0,32.0,28.0,0.0,16.0,7.0,0.625,228.0,1.0,2.0,0.46153846200000004,0.325,1.0,1.0,24.0,8.0,2.2222,1.0
9.0,1.0,0.0,7.0,29.0,12.0,5.0,2.0,8.0,0.625,605.0,1.0,0.0,0.0,0.41666666700000005,0.0,0.0,65.88888889,7.0,2.5556,1.0
7.0,3.0,0.0,13.0,53.0,1.0,1.0,12.0,6.0,0.7,911.0,0.4,0.0,0.571428571,0.34920634899999997,2.0,6.0,128.4285714,8.0,2.1429,1.0
7.0,1.0,3.0,15.0,11.0,21.0,9.0,6.0,5.0,1.0,29.0,1.0,0.0,0.0,0.34920634899999997,0.0,0.0,2.857142857,1.0,0.8571,1.0
9.0,2.0,0.0,9.0,23.0,36.0,9.0,9.0,0.0,2.0,82.0,0.0,0.0,0.529411765,0.444444444,0.0,0.0,8.111111111,1.0,0.8889,1.0
3.0,1.0,0.0,4.0,23.0,3.0,0.0,4.0,2.0,2.0,183.0,0.0,0.0,0.0,0.5,0.0,0.0,60.0,14.0,7.0,1.0
13.0,1.0,0.0,4.0,49.0,64.0,2.0,2.0,0.0,0.916666667,699.0,0.833333333,0.0,0.0,0.3125,0.0,0.0,52.30769231,16.0,2.4615,1.0
3.0,2.0,2.0,3.0,7.0,0.0,2.0,1.0,2.0,0.5,32.0,1.0,0.0,0.75,0.666666667,0.0,0.0,9.0,1.0,0.6667,1.0
11.0,1.0,1.0,2.0,20.0,53.0,2.0,1.0,0.0,0.9,90.0,1.0,0.0,0.0,0.4,0.0,0.0,7.090909091,2.0,0.9091,1.0
8.0,2.0,0.0,17.0,57.0,20.0,0.0,17.0,6.0,0.8241758240000001,578.0,0.7692307690000001,0.0,0.5,0.32857142899999997,0.0,0.0,69.625,2.0,1.0,1.0
3.0,1.0,0.0,5.0,12.0,0.0,4.0,1.0,3.0,0.5,133.0,0.0,0.0,0.0,0.5555555560000001,0.0,0.0,42.0,1.0,0.6667,1.0
3.0,1.0,0.0,3.0,8.0,1.0,1.0,2.0,2.0,0.5,52.0,1.0,1.0,0.0,0.5,0.0,0.0,15.66666667,3.0,1.3333,1.0
4.0,1.0,0.0,2.0,9.0,6.0,1.0,2.0,4.0,1.333333333,167.0,0.0,0.0,0.0,0.875,0.0,0.0,37.25,12.0,6.0,1.0
7.0,1.0,0.0,25.0,49.0,5.0,5.0,20.0,7.0,0.7333333329999999,321.0,1.0,4.0,0.0,0.39285714299999996,0.0,0.0,44.14285714,1.0,0.8571,1.0
13.0,1.0,0.0,11.0,70.0,66.0,2.0,9.0,6.0,0.952898551,2002.0,0.347826087,7.0,0.0,0.26666666699999997,0.0,0.0,151.23076919999997,14.0,3.2308,1.0
7.0,2.0,0.0,16.0,43.0,21.0,1.0,15.0,7.0,1.166666667,682.0,0.0,0.0,0.25,0.642857143,0.0,0.0,96.28571429,1.0,0.8571,1.0
10.0,1.0,0.0,12.0,48.0,25.0,0.0,12.0,7.0,0.833333333,520.0,0.5,0.0,0.0,0.3,0.0,0.0,50.6,7.0,1.5,1.0
9.0,2.0,0.0,9.0,23.0,36.0,9.0,9.0,0.0,2.0,82.0,0.0,0.0,0.529411765,0.444444444,0.0,0.0,8.111111111,1.0,0.8889,1.0
20.0,2.0,0.0,2.0,48.0,188.0,0.0,2.0,19.0,0.947368421,312.0,1.0,0.0,0.1,0.25,0.0,0.0,14.25,10.0,2.15,1.0
12.0,1.0,0.0,13.0,56.0,66.0,1.0,12.0,9.0,0.9090909090000001,338.0,0.0,0.0,0.0,0.208333333,0.0,0.0,27.0,5.0,2.0,1.0
13.0,1.0,0.0,3.0,49.0,64.0,1.0,2.0,0.0,0.916666667,699.0,0.833333333,0.0,0.0,0.3125,0.0,0.0,52.30769231,16.0,2.4615,1.0
11.0,1.0,1.0,2.0,20.0,53.0,2.0,1.0,0.0,0.9,90.0,1.0,0.0,0.0,0.4,0.0,0.0,7.090909091,2.0,0.9091,1.0
9.0,1.0,0.0,3.0,20.0,36.0,0.0,3.0,9.0,2.0,204.0,0.0,0.0,0.0,0.333333333,0.0,0.0,21.66666667,4.0,2.6667,1.0
3.0,1.0,4.0,5.0,14.0,3.0,4.0,1.0,1.0,2.0,62.0,0.0,0.0,0.0,0.5,0.0,0.0,19.66666667,4.0,1.6667,1.0
7.0,2.0,0.0,4.0,23.0,21.0,1.0,3.0,7.0,2.0,258.0,0.0,0.0,0.25,0.5,0.0,0.0,35.85714286,6.0,3.5714,1.0
3.0,1.0,0.0,6.0,6.0,3.0,0.0,6.0,3.0,2.0,41.0,0.0,0.0,0.0,0.444444444,0.0,0.0,12.66666667,6.0,2.3333,1.0
10.0,2.0,0.0,3.0,34.0,45.0,0.0,3.0,10.0,2.0,341.0,0.0,0.0,0.181818182,0.275,0.0,0.0,33.1,5.0,2.6,1.0
3.0,1.0,0.0,10.0,46.0,3.0,0.0,10.0,3.0,2.0,267.0,0.0,0.0,0.0,0.46666666700000003,0.0,0.0,88.0,1.0,0.6667,1.0
45.0,1.0,0.0,3.0,84.0,990.0,0.0,3.0,37.0,1.0227272729999999,1526.0,0.0,0.0,0.0,0.17222222199999998,0.0,0.0,32.71111111,10.0,1.6,1.0
7.0,1.0,0.0,3.0,19.0,0.0,3.0,1.0,6.0,0.25,432.0,1.0,1.0,0.0,0.46428571399999996,0.0,0.0,60.14285714,3.0,1.4286,1.0
14.0,1.0,0.0,5.0,14.0,91.0,5.0,0.0,14.0,2.0,14.0,0.0,0.0,0.0,0.27380952399999997,0.0,0.0,0.0,1.0,1.0,1.0
40.0,1.0,0.0,19.0,123.0,340.0,2.0,19.0,33.0,0.7339743590000001,1685.0,1.0,4.0,0.0,0.21136363600000002,0.0,0.0,40.725,13.0,2.3,1.0
9.0,2.0,0.0,9.0,23.0,36.0,9.0,9.0,0.0,2.0,82.0,0.0,0.0,0.529411765,0.444444444,0.0,0.0,8.111111111,1.0,0.8889,1.0
13.0,1.0,0.0,3.0,49.0,64.0,1.0,2.0,0.0,0.916666667,699.0,0.833333333,0.0,0.0,0.3125,0.0,0.0,52.30769231,16.0,2.4615,1.0
11.0,1.0,1.0,2.0,20.0,53.0,2.0,1.0,0.0,0.9,90.0,1.0,0.0,0.0,0.4,0.0,0.0,7.090909091,2.0,0.9091,1.0
19.0,1.0,0.0,6.0,50.0,51.0,1.0,5.0,16.0,0.7638888890000001,404.0,1.0,0.0,0.0,0.218045113,0.0,0.0,19.84210526,2.0,1.2105,1.0
6.0,1.0,0.0,3.0,16.0,0.0,1.0,2.0,4.0,0.0,62.0,1.0,0.0,0.0,0.6,0.0,0.0,9.166666667000001,3.0,1.3333,1.0
20.0,1.0,0.0,2.0,41.0,130.0,1.0,1.0,18.0,0.796992481,316.0,0.857142857,0.0,0.0,0.258333333,0.0,0.0,14.45,4.0,1.3,1.0
5.0,5.0,0.0,4.0,18.0,0.0,1.0,3.0,3.0,0.6166666670000001,353.0,1.0,0.0,0.989528796,0.485714286,1.0,1.0,66.6,2.0,0.6,1.0
96.0,4.0,2.0,15.0,198.0,0.0,2.0,13.0,66.0,0.919838057,2572.0,1.0,2.0,0.497354497,0.180871212,1.0,26.0,25.65625,11.0,2.0938,1.0
17.0,5.0,0.0,13.0,97.0,20.0,1.0,13.0,10.0,0.8125,1504.0,1.0,4.0,0.92195122,0.19117647100000001,2.0,8.0,83.64705882,23.0,3.6471,1.0
13.0,1.0,0.0,6.0,46.0,8.0,2.0,5.0,9.0,0.716666667,528.0,0.7,0.0,0.0,0.22115384600000002,0.0,0.0,38.84615385,35.0,4.0769,1.0
5.0,1.0,0.0,1.0,9.0,0.0,1.0,0.0,5.0,0.5,41.0,1.0,0.0,0.0,0.46666666700000003,0.0,0.0,6.8,1.0,0.8,1.0
14.0,1.0,0.0,3.0,21.0,31.0,3.0,0.0,12.0,0.7179487179999999,344.0,1.0,0.0,0.0,0.512820513,0.0,0.0,23.14285714,3.0,0.8571,1.0
5.0,2.0,0.0,5.0,12.0,0.0,1.0,4.0,4.0,0.0,34.0,0.0,0.0,0.75,0.4,0.0,0.0,5.6,1.0,0.8,1.0
6.0,3.0,0.0,4.0,11.0,9.0,3.0,1.0,6.0,0.9,50.0,0.5,0.0,0.975124378,0.444444444,2.0,6.0,7.0,3.0,1.1667,1.0
7.0,3.0,0.0,9.0,16.0,9.0,1.0,8.0,6.0,0.833333333,56.0,0.5,1.0,0.97029703,0.314285714,2.0,5.0,6.714285714,2.0,1.0,1.0
7.0,2.0,0.0,13.0,20.0,0.0,1.0,12.0,7.0,0.583333333,75.0,0.5,1.0,0.5,0.25974026,0.0,0.0,9.428571429,1.0,0.7143,1.0
15.0,3.0,0.0,7.0,26.0,53.0,2.0,5.0,15.0,0.833333333,165.0,0.833333333,5.0,0.933333333,0.29333333300000003,2.0,6.0,9.6,2.0,1.0,1.0
35.0,3.0,0.0,14.0,77.0,323.0,8.0,7.0,35.0,0.6176470589999999,572.0,0.5,0.0,0.859649123,0.234920635,0.0,0.0,15.28571429,16.0,2.0286,1.0
11.0,3.0,0.0,16.0,42.0,15.0,3.0,14.0,10.0,0.8,223.0,0.75,1.0,0.9514563109999999,0.233766234,2.0,6.0,18.90909091,4.0,1.2727,1.0
5.0,5.0,0.0,5.0,16.0,8.0,0.0,5.0,3.0,1.25,86.0,0.0,0.0,0.983539095,0.7,2.0,3.0,16.0,3.0,1.2,1.0
12.0,3.0,0.0,20.0,41.0,14.0,2.0,18.0,11.0,0.872727273,200.0,0.4,2.0,0.946859903,0.194444444,2.0,10.0,15.25,3.0,1.1667,1.0
4.0,3.0,0.0,6.0,15.0,6.0,1.0,5.0,4.0,1.333333333,40.0,0.0,0.0,0.9594594590000001,0.5,2.0,12.0,8.75,1.0,0.75,1.0
8.0,5.0,0.0,15.0,66.0,28.0,0.0,15.0,6.0,1.142857143,552.0,0.0,0.0,0.8888888890000001,0.475,3.0,8.0,67.875,1.0,0.875,1.0
6.0,3.0,0.0,2.0,7.0,3.0,1.0,1.0,6.0,0.8,34.0,0.666666667,0.0,0.975124378,0.666666667,1.0,2.0,4.166666667,1.0,0.8333,1.0
5.0,6.0,0.0,12.0,35.0,10.0,0.0,12.0,4.0,1.25,184.0,0.0,0.0,0.9411764709999999,0.4,2.0,8.0,35.6,1.0,0.8,1.0
4.0,4.0,0.0,9.0,16.0,6.0,3.0,6.0,4.0,1.083333333,64.0,0.75,1.0,0.986363636,0.625,3.0,7.0,14.0,1.0,0.75,1.0
5.0,3.0,0.0,7.0,19.0,10.0,1.0,6.0,5.0,1.25,75.0,0.0,0.0,0.98,0.46666666700000003,2.0,6.0,13.8,1.0,0.8,1.0
11.0,4.0,1.0,16.0,45.0,39.0,9.0,10.0,9.0,0.86,334.0,0.8,0.0,0.9642857140000001,0.30909090899999997,1.0,2.0,28.90909091,4.0,1.5455,1.0
6.0,3.0,0.0,6.0,18.0,3.0,1.0,5.0,6.0,0.8,63.0,0.5,0.0,0.975124378,0.444444444,2.0,4.0,9.166666667000001,1.0,0.8333,1.0
1.0,1.0,0.0,4.0,1.0,0.0,3.0,1.0,1.0,2.0,1.0,0.0,0.0,0.0,1.0,0.0,0.0,0.0,1.0,1.0,1.0
39.0,3.0,0.0,27.0,128.0,669.0,1.0,27.0,8.0,0.9526315790000001,1730.0,0.1,2.0,0.350877193,0.18947368399999998,0.0,0.0,43.1025641,12.0,3.4615,1.0
1.0,3.0,0.0,1.0,2.0,0.0,0.0,1.0,1.0,2.0,5.0,0.0,0.0,1.0,1.0,0.0,0.0,3.0,0.0,0.0,1.0
9.0,5.0,0.0,23.0,83.0,20.0,2.0,22.0,9.0,0.833333333,538.0,0.666666667,1.0,0.965811966,0.311111111,5.0,10.0,58.44444444,1.0,0.8889,1.0
8.0,3.0,0.0,12.0,34.0,8.0,1.0,11.0,8.0,0.7857142859999999,166.0,0.5,1.0,0.9655172409999999,0.3,2.0,5.0,19.5,16.0,2.75,1.0
12.0,4.0,1.0,16.0,48.0,18.0,2.0,14.0,9.0,0.727272727,334.0,0.666666667,2.0,0.948356808,0.229166667,2.0,6.0,26.58333333,4.0,1.1667,1.0
9.0,2.0,1.0,20.0,10.0,36.0,19.0,6.0,9.0,2.0,28.0,0.0,0.0,0.6,0.314814815,0.0,0.0,2.111111111,1.0,0.8889,1.0
10.0,3.0,0.0,6.0,12.0,37.0,6.0,2.0,10.0,0.933333333,53.0,0.8,0.0,0.956097561,0.4,1.0,1.0,3.8,1.0,0.9,1.0
15.0,1.0,0.0,24.0,44.0,43.0,13.0,12.0,14.0,0.8888888890000001,582.0,0.8888888890000001,1.0,0.0,0.2,0.0,0.0,37.2,4.0,1.9333,1.0
5.0,2.0,0.0,6.0,7.0,4.0,1.0,5.0,5.0,0.875,23.0,0.5,0.0,0.5555555560000001,0.325,0.0,0.0,3.2,1.0,0.8,1.0
11.0,3.0,0.0,9.0,22.0,29.0,6.0,4.0,11.0,0.88,127.0,0.8,0.0,0.9514563109999999,0.340909091,2.0,5.0,10.09090909,2.0,1.0,1.0
6.0,3.0,0.0,9.0,27.0,15.0,0.0,9.0,6.0,1.2,167.0,0.0,0.0,0.975124378,0.444444444,2.0,6.0,26.66666667,4.0,1.3333,1.0
6.0,4.0,0.0,18.0,22.0,15.0,7.0,11.0,6.0,1.1,88.0,0.0,0.0,0.981900452,0.375,3.0,8.0,13.33333333,1.0,0.6667,1.0
9.0,5.0,0.0,10.0,29.0,36.0,2.0,8.0,6.0,1.125,158.0,0.0,0.0,0.963800905,0.314814815,4.0,10.0,16.44444444,16.0,3.0,1.0
42.0,3.0,0.0,33.0,145.0,619.0,5.0,31.0,27.0,0.87398374,2405.0,0.916666667,10.0,0.830508475,0.136298422,2.0,7.0,55.97619048,26.0,2.0952,1.0
6.0,3.0,0.0,7.0,23.0,9.0,1.0,7.0,6.0,0.8857142859999999,132.0,0.857142857,1.0,0.934210526,0.36111111100000004,2.0,12.0,19.83333333,1.0,0.8333,1.0
38.0,4.0,2.0,21.0,98.0,527.0,8.0,15.0,33.0,0.9140049140000001,807.0,0.9090909090000001,2.0,0.845188285,0.150717703,3.0,19.0,19.94736842,10.0,2.0,1.0
60.0,5.0,0.0,54.0,131.0,1584.0,46.0,24.0,44.0,0.952683616,1057.0,0.916666667,11.0,0.828402367,0.076811594,3.0,6.0,16.21666667,10.0,1.5,1.0
14.0,3.0,0.0,10.0,42.0,27.0,1.0,9.0,14.0,0.7692307690000001,291.0,0.75,2.0,0.9377990429999999,0.25,3.0,4.0,19.5,2.0,1.0714,1.0
22.0,3.0,2.0,27.0,47.0,189.0,22.0,11.0,22.0,0.9523809520000001,182.0,0.727272727,4.0,0.9032258059999999,0.181818182,2.0,14.0,6.772727272999999,1.0,0.9545,1.0
75.0,3.0,1.0,43.0,122.0,2607.0,33.0,17.0,71.0,0.968648649,1156.0,0.88,4.0,0.7259259259999999,0.073043478,3.0,19.0,14.08,16.0,1.84,1.0
3.0,4.0,0.0,8.0,9.0,1.0,1.0,7.0,3.0,1.0,27.0,0.0,1.0,0.99086758,0.5555555560000001,0.0,0.0,7.333333333,1.0,0.6667,1.0
11.0,3.0,0.0,11.0,19.0,35.0,7.0,6.0,11.0,0.875,86.0,0.75,3.0,0.9514563109999999,0.272727273,2.0,6.0,6.454545455,1.0,0.9091,1.0
8.0,3.0,0.0,13.0,28.0,0.0,0.0,13.0,7.0,0.7142857140000001,122.0,0.5,1.0,0.9655172409999999,0.270833333,2.0,5.0,14.0,2.0,1.0,1.0
3.0,5.0,0.0,14.0,33.0,1.0,0.0,14.0,2.0,1.0,178.0,0.5,0.0,0.98245614,0.75,1.0,7.0,57.66666667,1.0,0.3333,1.0
15.0,1.0,0.0,7.0,25.0,49.0,2.0,5.0,12.0,0.867346939,140.0,0.7142857140000001,3.0,0.0,0.208333333,0.0,0.0,7.8666666670000005,6.0,1.2667,1.0
87.0,2.0,29.0,95.0,125.0,3307.0,84.0,17.0,77.0,0.9310077520000001,1275.0,0.7333333329999999,3.0,0.558974359,0.09127789,1.0,12.0,13.48275862,7.0,1.4483,1.0
4.0,1.0,0.0,2.0,5.0,0.0,2.0,0.0,4.0,0.833333333,29.0,0.75,0.0,0.0,0.5,0.0,0.0,5.25,1.0,0.75,1.0
19.0,3.0,1.0,24.0,85.0,91.0,5.0,20.0,17.0,0.805555556,502.0,0.5,2.0,0.91588785,0.127819549,2.0,6.0,25.10526316,4.0,1.2632,1.0
27.0,3.0,0.0,6.0,51.0,0.0,4.0,3.0,27.0,0.7179487179999999,168.0,0.333333333,1.0,0.882882883,0.24691358,2.0,5.0,5.1111111110000005,2.0,1.0,1.0
7.0,3.0,4.0,9.0,15.0,0.0,4.0,6.0,6.0,0.666666667,122.0,0.5,1.0,0.97029703,0.428571429,0.0,0.0,16.14285714,2.0,1.0,1.0
4.0,4.0,1.0,9.0,8.0,4.0,7.0,4.0,4.0,1.0,31.0,0.5,0.0,0.99086758,0.45,0.0,0.0,6.25,1.0,0.5,1.0
6.0,1.0,2.0,7.0,7.0,15.0,3.0,4.0,6.0,1.2,13.0,0.0,0.0,0.0,0.36111111100000004,0.0,0.0,1.0,1.0,0.8333,1.0
9.0,5.0,0.0,21.0,54.0,30.0,4.0,18.0,5.0,1.041666667,306.0,0.0,1.0,0.9676113359999999,0.333333333,3.0,7.0,32.33333333,5.0,1.5556,1.0
4.0,4.0,0.0,10.0,26.0,6.0,1.0,9.0,4.0,1.333333333,128.0,0.0,0.0,0.9853658540000001,0.625,2.0,4.0,30.75,1.0,0.75,1.0
23.0,3.0,3.0,34.0,78.0,161.0,18.0,22.0,20.0,0.8636363640000001,422.0,0.666666667,2.0,0.9032258059999999,0.169565217,2.0,16.0,17.08695652,4.0,1.1304,1.0
5.0,4.0,0.0,15.0,31.0,10.0,3.0,12.0,5.0,1.25,173.0,0.0,0.0,0.981900452,0.4,4.0,7.0,33.4,1.0,0.8,1.0
5.0,3.0,0.0,5.0,18.0,10.0,1.0,4.0,5.0,1.25,75.0,0.0,0.0,0.98,0.46666666700000003,2.0,6.0,13.8,16.0,3.8,1.0
8.0,4.0,0.0,11.0,28.0,16.0,6.0,8.0,8.0,0.857142857,112.0,0.0,1.0,0.966507177,0.3,2.0,4.0,12.75,3.0,1.125,1.0
9.0,3.0,0.0,21.0,46.0,6.0,1.0,20.0,8.0,0.75,219.0,0.0,1.0,0.9607843140000001,0.23809523800000001,2.0,6.0,23.11111111,2.0,1.0,1.0
21.0,1.0,0.0,18.0,73.0,102.0,3.0,17.0,9.0,0.725,942.0,0.75,4.0,0.0,0.18095238100000002,0.0,0.0,43.47619048,19.0,3.1905,1.0
3.0,3.0,0.0,1.0,4.0,3.0,0.0,1.0,3.0,1.5,11.0,0.0,0.0,0.98989899,1.0,2.0,4.0,2.333333333,1.0,0.6667,1.0
4.0,2.0,0.0,8.0,6.0,0.0,1.0,7.0,4.0,0.0,37.0,1.0,0.0,0.8,0.45,0.0,0.0,8.0,3.0,1.25,1.0
1.0,2.0,0.0,1.0,2.0,0.0,0.0,1.0,1.0,2.0,338.0,0.0,0.0,0.0,1.0,0.0,0.0,3.0,0.0,0.0,1.0
13.0,4.0,1.0,17.0,52.0,40.0,2.0,15.0,13.0,0.75,380.0,0.5,3.0,0.946902655,0.18803418800000002,4.0,11.0,27.92307692,2.0,1.1538,1.0
5.0,3.0,0.0,6.0,13.0,10.0,3.0,3.0,5.0,1.25,47.0,0.0,0.0,0.98,0.7,2.0,4.0,8.2,1.0,0.8,1.0
20.0,1.0,0.0,2.0,74.0,178.0,1.0,1.0,5.0,0.9736842109999999,2239.0,0.166666667,0.0,0.0,0.245614035,0.0,0.0,110.35,9.0,3.65,1.0
7.0,1.0,0.0,10.0,115.0,21.0,0.0,10.0,2.0,2.0,2122.0,0.0,0.0,0.0,0.25,0.0,0.0,302.14285710000007,143.0,21.1429,1.0
9.0,2.0,0.0,9.0,23.0,36.0,9.0,9.0,0.0,2.0,82.0,0.0,0.0,0.529411765,0.444444444,0.0,0.0,8.111111111,1.0,0.8889,1.0
13.0,1.0,0.0,4.0,49.0,64.0,2.0,2.0,0.0,0.916666667,699.0,0.833333333,0.0,0.0,0.3125,0.0,0.0,52.30769231,16.0,2.4615,1.0
11.0,1.0,1.0,2.0,20.0,53.0,2.0,1.0,0.0,0.9,90.0,1.0,0.0,0.0,0.4,0.0,0.0,7.090909091,2.0,0.9091,1.0
30.0,5.0,0.0,2.0,83.0,319.0,1.0,2.0,21.0,0.885057471,815.0,0.904761905,1.0,0.9402061859999999,0.28,3.0,5.0,25.46666667,10.0,1.5,1.0
